part_number,physical_title,description,revision,make_buy,manufacturer,quantity_stowed,quantity_deployed,material,finish,mass_each_kg,cad_classification,source_url,purchase_url,process,notes,verification_status
AMSTEEL-BLUE-SHORT14-STRUCTURAL-TETHER-001,STRUCTURAL_RECOVERY_TETHER_WITH_TWO_BURIED_EYE_SPLICES_HMPE,STRUCTURAL RECOVERY TETHER WITH TWO BURIED EYE SPLICES,A,MAKE,Samson Rope Technologies raw line / STINGRAY finished splices,1,1,HMPE rope,"Chafe-protected, heat-sealed and clean",0.09,EXACT_ANALYTIC,,,Controlled eye splices; chafe sleeve; finished-article proof load; Controlled rope construction and raw-lot CoC; finished length tolerance; occurrence-specific eye/thimble/ferrule traveler; splice or swage dimensional inspection; finished-article proof load,Ultimate recovery load runs hardpoint ring -> pin/thimble -> HMPE tether -> buoy harness. Cordura and hook-and-loop are bypassed.,DIGITAL DEFINITION PRESENT; RELEASE QUALIFICATION NOT ESTABLISHED
DF8-R2-ACTUATOR-E-RING-004,4_MM_ACTUATOR_PIN_RETAINER_SS,4 MM ACTUATOR PIN RETAINER,A,MAKE,STINGRAY custom,4,4,1.4310 stainless spring steel,ASTM A967 passivated; rope-contact and seal surfaces polished per drawing,4.345508650541629e-05,DRAWING_DERIVED,,,Stamp; Certified stainless product form/condition; heat/lot CoC; qualified weld/braze procedure where applicable; ASTM A967 passivation; PT of pressure welds; dimensional inspection,,DIGITAL DEFINITION PRESENT; RELEASE QUALIFICATION NOT ESTABLISHED
DF8-R2-ACTUATOR-FIXED-YOKE-GS19-001,DOUBLE-SHEAR_GS19_ANCHOR_YOKE_WITH_CONFORMAL_LONGERON_TONGUE_TI,DOUBLE-SHEAR GS19 ANCHOR YOKE WITH CONFORMAL LONGERON TONGUE,B,MAKE,STINGRAY custom,1,1,Ti-6Al-4V,ASTM B600 clean/passivate; drawing-controlled surface finish,0.0031335454005427285,DRAWING_DERIVED,,,5-axis mill; conformal fit to r=23 longeron land; qualified laser weld; dimensional inspection; Ti-6Al-4V Grade 5 certified product form; heat/lot CoC; qualified argon-purged WPS where welded; PT after welding; alpha-case removal; galvanic isolation; CMM final inspection,,DIGITAL DEFINITION PRESENT; RELEASE QUALIFICATION NOT ESTABLISHED
DF8-R2-ACTUATOR-FIXED-YOKE-HBD-001,DOUBLE-SHEAR_HBD_ANCHOR_YOKE_WITH_CONFORMAL_LONGERON_TONGUE_TI,DOUBLE-SHEAR HBD ANCHOR YOKE WITH CONFORMAL LONGERON TONGUE,B,MAKE,STINGRAY custom,1,1,Ti-6Al-4V,ASTM B600 clean/passivate; drawing-controlled surface finish,0.003098105400542728,DRAWING_DERIVED,,,5-axis mill; conformal fit to r=23 longeron land; qualified laser weld; dimensional inspection; Ti-6Al-4V Grade 5 certified product form; heat/lot CoC; qualified argon-purged WPS where welded; PT after welding; alpha-case removal; galvanic isolation; CMM final inspection,,DIGITAL DEFINITION PRESENT; RELEASE QUALIFICATION NOT ESTABLISHED
DF8-R2-ACTUATOR-PIN-004,4_MM_CAPTIVE_ACTUATOR_CLEVIS_PIN_SS,4 MM CAPTIVE ACTUATOR CLEVIS PIN,B,MAKE,STINGRAY custom,4,4,17-4PH stainless steel,ASTM A967 passivated; critical bearing surfaces ground,0.001280137647106325,DRAWING_DERIVED,,,Swiss turn; H900; ASTM A564 Type 630 certified stock; H900 unless the drawing explicitly selects a tougher condition; heat-treatment/hardness record; ASTM A967 passivation; grind/ream critical fits; CMM inspection,,DIGITAL DEFINITION PRESENT; RELEASE QUALIFICATION NOT ESTABLISHED
DF8-R2-ARM-STOP-PAD-001,REPLACEABLE_ARM_STOP_AND_AUTOMATIC-LOCK_STRIKE_SS,REPLACEABLE ARM STOP AND AUTOMATIC-LOCK STRIKE,B,MAKE,STINGRAY custom,3,3,17-4PH stainless steel,ASTM A967 passivated; critical bearing surfaces ground,0.0011774163151587191,DRAWING_DERIVED,,,Wire EDM and grind; ASTM A564 Type 630 certified stock; H900 unless the drawing explicitly selects a tougher condition; heat-treatment/hardness record; ASTM A967 passivation; grind/ream critical fits; CMM inspection,,DIGITAL DEFINITION PRESENT; RELEASE QUALIFICATION NOT ESTABLISHED
DF8-R2-AUTO-LOCK-BUSHING-001,PRESS-FIT_LOCK_GUIDE_OUTER_RETAINER_BUSHING_PEEK,PRESS-FIT LOCK GUIDE OUTER RETAINER BUSHING,A,MAKE,STINGRAY custom,3,3,PEEK,"Machined, edge-broken, cleaned; no mold release or particulate",3.094528181635134e-07,DRAWING_DERIVED,,,Turn; press fit; inspect spring-clear bore and retention; Virgin unfilled PEEK resin/stock with ASTM D6262 or ISO material certificate; annealed stock; controlled machining temperature; moisture conditioning; dimensional inspection after stabilization,,DIGITAL DEFINITION PRESENT; RELEASE QUALIFICATION NOT ESTABLISHED
DF8-R2-AUTO-LOCK-DOG-001,SPRING-DRIVEN_POSITIVE_DEPLOYED_LOCK_DOG_SS,SPRING-DRIVEN POSITIVE DEPLOYED LOCK DOG,A,MAKE,STINGRAY custom,3,3,17-4PH stainless steel,ASTM A967 passivated; critical bearing surfaces ground,8.408963611185206e-06,DRAWING_DERIVED,,,Swiss turn; H900; grind; ASTM A564 Type 630 certified stock; H900 unless the drawing explicitly selects a tougher condition; heat-treatment/hardness record; ASTM A967 passivation; grind/ream critical fits; CMM inspection,,DIGITAL DEFINITION PRESENT; RELEASE QUALIFICATION NOT ESTABLISHED
DF8-R2-AUTO-LOCK-SPRING-001,CAPTIVE_LONG-STROKE_AUTOMATIC-LOCK_COMPRESSION_SPRING_SS,CAPTIVE LONG-STROKE AUTOMATIC-LOCK COMPRESSION SPRING,B,MAKE,STINGRAY custom,3,3,1.4310 stainless spring steel,ASTM A967 passivated; rope-contact and seal surfaces polished per drawing,2.8560892651638403e-06,DRAWING_DERIVED,,,Micro-coil; stress relieve; inspect force and 1.65-4.95 mm installed lengths; Certified stainless product form/condition; heat/lot CoC; qualified weld/braze procedure where applicable; ASTM A967 passivation; PT of pressure welds; dimensional inspection,Endpoint B-reps bound the 3.30 mm snap-lock stroke; physical wire mass is state-invariant and the spring remains captive between the dog head and press-fit outer bushing.,DIGITAL DEFINITION PRESENT; RELEASE QUALIFICATION NOT ESTABLISHED
DF8-R2-BACKUP-SPRING-16N-001,CONTROLLED_16_N_MM_GUIDED_BACKUP_COMPRESSION_SPRING_SS,CONTROLLED 16 N/MM GUIDED BACKUP COMPRESSION SPRING,B,MAKE,STINGRAY controlled spring specification,1,1,1.4310 stainless spring steel,ASTM A967 passivated; rope-contact and seal surfaces polished per drawing,0.092,DRAWING_DERIVED,,,Cold coil; closed-ground ends; stress relieve; 100% rate/length inspection; proof cycle; Certified stainless product form/condition; heat/lot CoC; qualified weld/braze procedure where applicable; ASTM A967 passivation; PT of pressure welds; dimensional inspection,OD 15.8 mm; wire 3.0 mm; free length 195.0 mm; rate 16.0 N/mm; controlled drawing and proof acceptance.,DIGITAL DEFINITION PRESENT; RELEASE QUALIFICATION NOT ESTABLISHED
DF8-R2-BACKUP-SPRING-FIXED-SEAT-001,BACKUP_SPRING_AFT_FIXED_SEAT_WITH_LONGERON_MOUNTING_TONGUE_TI,BACKUP SPRING AFT FIXED SEAT WITH LONGERON MOUNTING TONGUE,B,MAKE,STINGRAY custom,1,1,Ti-6Al-4V,ASTM B600 clean/passivate; drawing-controlled surface finish,0.0042064835579726225,DRAWING_DERIVED,,,Mill-turn; Ti-6Al-4V Grade 5 certified product form; heat/lot CoC; qualified argon-purged WPS where welded; PT after welding; alpha-case removal; galvanic isolation; CMM final inspection,,DIGITAL DEFINITION PRESENT; RELEASE QUALIFICATION NOT ESTABLISHED
DF8-R2-BACKUP-SPRING-GUIDE-001,BACKUP_SPRING_DLC_GUIDE_SHAFT_WITH_TWO_FIXED_SUPPORT_SHOULDERS_SS,BACKUP SPRING DLC GUIDE SHAFT WITH TWO FIXED SUPPORT SHOULDERS,B,MAKE,STINGRAY custom,1,1,17-4PH stainless steel,ASTM A967 passivated; critical bearing surfaces ground,0.029068956937486064,DRAWING_DERIVED,,,Centerless grind and DLC; ASTM A564 Type 630 certified stock; H900 unless the drawing explicitly selects a tougher condition; heat-treatment/hardness record; ASTM A967 passivation; grind/ream critical fits; CMM inspection,,DIGITAL DEFINITION PRESENT; RELEASE QUALIFICATION NOT ESTABLISHED
DF8-R2-BACKUP-SPRING-MOVING-SEAT-001,BACKUP_SPRING_CROSSHEAD_SEAT_WITH_PILOTED_PERMANENT_LAND_SS,BACKUP SPRING CROSSHEAD SEAT WITH PILOTED PERMANENT LAND,B,MAKE,STINGRAY custom,1,1,17-4PH stainless steel,ASTM A967 passivated; critical bearing surfaces ground,0.0073882012531716265,DRAWING_DERIVED,,,Mill-turn; pilot to crosshead spoke; qualified laser weld; dimensional inspection; ASTM A564 Type 630 certified stock; H900 unless the drawing explicitly selects a tougher condition; heat-treatment/hardness record; ASTM A967 passivation; grind/ream critical fits; CMM inspection,,DIGITAL DEFINITION PRESENT; RELEASE QUALIFICATION NOT ESTABLISHED
DF8-R2-BALLAST-001,Forward_Ballast_W,"FORWARD TUNGSTEN BALLAST, SPINE SOCKET AND TAPERED REAMED HALF BORE",A,MAKE,STINGRAY custom,1,1,Tungsten heavy alloy,Ground rope/penetration-safe edges; corrosion-inhibiting clean,4.884227629259874,DRAWING_DERIVED,,,"CNC turn; wire-EDM socket; ASTM B777 Class 4 W-Ni-Fe product form, density >=18.0 g/cm3; heat/lot CoC; density verification; UT for internal discontinuities; ground datum inspection",,DIGITAL DEFINITION PRESENT; RELEASE QUALIFICATION NOT ESTABLISHED
DF8-R2-CROSSHEAD-GUIDE-001,CENTRAL_DLC_CROSSHEAD_GUIDE_SHAFT_WITH_SPIDER_SHOULDER_SS,CENTRAL DLC CROSSHEAD GUIDE SHAFT WITH SPIDER SHOULDER,C,MAKE,STINGRAY custom,1,1,17-4PH stainless steel,ASTM A967 passivated; critical bearing surfaces ground,0.01153710148317413,DRAWING_DERIVED,,,Centerless grind and DLC; ASTM A564 Type 630 certified stock; H900 unless the drawing explicitly selects a tougher condition; heat-treatment/hardness record; ASTM A967 passivation; grind/ream critical fits; CMM inspection,,DIGITAL DEFINITION PRESENT; RELEASE QUALIFICATION NOT ESTABLISHED
DF8-R2-CROSSHEAD-GUIDE-SPIDER-001,THREE-SPOKE_CROSSHEAD-GUIDE_FORWARD_MOUNT_TI,THREE-SPOKE CROSSHEAD-GUIDE FORWARD MOUNT,A,MAKE,STINGRAY custom,1,1,Ti-6Al-4V,ASTM B600 clean/passivate; drawing-controlled surface finish,0.0012339130177071314,DRAWING_DERIVED,,,5-axis mill; conformal fit to FWD-RING-02 bore; qualified three-spoke laser weld; dimensional inspection; Ti-6Al-4V Grade 5 certified product form; heat/lot CoC; qualified argon-purged WPS where welded; PT after welding; alpha-case removal; galvanic isolation; CMM final inspection,,DIGITAL DEFINITION PRESENT; RELEASE QUALIFICATION NOT ESTABLISHED
DF8-R2-FIXED-STOP-001,80_DEGREE_SWEPT-CLEARANCE_FIXED_STOP_WITH_CONTROLLED_AUTOMATIC-LOCK_BUSHING_SEAT_SS,80 DEGREE SWEPT-CLEARANCE FIXED STOP WITH CONTROLLED AUTOMATIC-LOCK BUSHING SEAT,E,MAKE,STINGRAY custom,3,3,17-4PH stainless steel,ASTM A967 passivated; critical bearing surfaces ground,0.0023936337070524028,DRAWING_DERIVED,,,5-axis mill; wire EDM lock guide and controlled PEEK-bushing seat; occurrence-match drill two M3 clearance and ream two H7 side-land bores; grind stop faces; ASTM A564 Type 630 certified stock; H900 unless the drawing explicitly selects a tougher condition; heat-treatment/hardness record; ASTM A967 passivation; grind/ream critical fits; CMM inspection,,DIGITAL DEFINITION PRESENT; RELEASE QUALIFICATION NOT ESTABLISHED
DF8-R2-LINK-PIN-004,4_MM_FULL-SPAN_LINK_PIN_WITH_DC-4SS_RETAINER_GROOVE_SS,4 MM FULL-SPAN LINK PIN WITH DC-4SS RETAINER GROOVE,B,MAKE,STINGRAY custom,6,6,17-4PH stainless steel,ASTM A967 passivated; critical bearing surfaces ground,0.001443346409243244,DRAWING_DERIVED,,,Swiss turn; H900; grind; ASTM A564 Type 630 certified stock; H900 unless the drawing explicitly selects a tougher condition; heat-treatment/hardness record; ASTM A967 passivation; grind/ream critical fits; CMM inspection,,DIGITAL DEFINITION PRESENT; RELEASE QUALIFICATION NOT ESTABLISHED
DF8-R2-NOSE-001,Penetrator_Nose_W,TUNGSTEN PENETRATOR NOSE WITH OCCURRENCE-MATCHED TAPERED REAMED HALF BORE,A,MAKE,STINGRAY custom,1,1,Tungsten heavy alloy,Ground rope/penetration-safe edges; corrosion-inhibiting clean,2.2173158326782247,DRAWING_DERIVED,,,"CNC turn and grind; ASTM B777 Class 4 W-Ni-Fe product form, density >=18.0 g/cm3; heat/lot CoC; density verification; UT for internal discontinuities; ground datum inspection",,DIGITAL DEFINITION PRESENT; RELEASE QUALIFICATION NOT ESTABLISHED
DF8-R2-PIVOT-BUSH-008,8_MM_PEEK-LINED_PIVOT_BUSHING_PEEK,8 MM PEEK-LINED PIVOT BUSHING,A,MAKE,STINGRAY custom,6,6,PEEK,"Machined, edge-broken, cleaned; no mold release or particulate",8.808849871477256e-06,DRAWING_DERIVED,,,Turn and press fit; Virgin unfilled PEEK resin/stock with ASTM D6262 or ISO material certificate; annealed stock; controlled machining temperature; moisture conditioning; dimensional inspection after stabilization,,DIGITAL DEFINITION PRESENT; RELEASE QUALIFICATION NOT ESTABLISHED
DF8-R2-PIVOT-PIN-008,8_MM_CAPTIVE_SHOULDER_PIVOT_PIN_WITH_EXTERNAL_GROOVE_SS,8 MM CAPTIVE SHOULDER PIVOT PIN WITH EXTERNAL GROOVE,B,MAKE,STINGRAY custom,3,3,17-4PH stainless steel,ASTM A967 passivated; critical bearing surfaces ground,0.008671747528307096,DRAWING_DERIVED,,,Swiss turn; H900; grind; ASTM A564 Type 630 certified stock; H900 unless the drawing explicitly selects a tougher condition; heat-treatment/hardness record; ASTM A967 passivation; grind/ream critical fits; CMM inspection,,DIGITAL DEFINITION PRESENT; RELEASE QUALIFICATION NOT ESTABLISHED
DF8-R2-PIVOT-SPIRAL-RING-008,8_MM_EXTERNAL_SPIRAL_PIVOT_RETAINER_SS,8 MM EXTERNAL SPIRAL PIVOT RETAINER,A,MAKE,STINGRAY custom,3,3,1.4310 stainless spring steel,ASTM A967 passivated; rope-contact and seal surfaces polished per drawing,9.513648371968046e-05,DRAWING_DERIVED,,,Wire form; Certified stainless product form/condition; heat/lot CoC; qualified weld/braze procedure where applicable; ASTM A967 passivation; PT of pressure welds; dimensional inspection,,DIGITAL DEFINITION PRESENT; RELEASE QUALIFICATION NOT ESTABLISHED
DF8-R2-PIVOT-WASHER-008,8_MM_PEEK_THRUST_WASHER_PEEK,8 MM PEEK THRUST WASHER,A,MAKE,STINGRAY custom,6,6,PEEK,"Machined, edge-broken, cleaned; no mold release or particulate",1.4016322438141084e-05,DRAWING_DERIVED,,,Turn; Virgin unfilled PEEK resin/stock with ASTM D6262 or ISO material certificate; annealed stock; controlled machining temperature; moisture conditioning; dimensional inspection after stabilization,,DIGITAL DEFINITION PRESENT; RELEASE QUALIFICATION NOT ESTABLISHED
DF8-R2-RECOVERY-PIN-006,6_MM_CAPTIVE_RECOVERY_TERMINAL_PIN_WITH_RETAINER_GROOVE_SS,6 MM CAPTIVE RECOVERY TERMINAL PIN WITH RETAINER GROOVE,B,MAKE,STINGRAY custom,1,1,17-4PH stainless steel,ASTM A967 passivated; critical bearing surfaces ground,0.003134187821530512,DRAWING_DERIVED,,,Swiss turn; H900; grind; ASTM A564 Type 630 certified stock; H900 unless the drawing explicitly selects a tougher condition; heat-treatment/hardness record; ASTM A967 passivation; grind/ream critical fits; CMM inspection,,DIGITAL DEFINITION PRESENT; RELEASE QUALIFICATION NOT ESTABLISHED
DF8-R2-SHORT-LINK-001,19.950_MM_CENTER-DISTANCE_REAMED_SHORT_LINK_SS,19.950 MM CENTER-DISTANCE REAMED SHORT LINK,A,MAKE,STINGRAY custom,6,6,17-4PH stainless steel,ASTM A967 passivated; critical bearing surfaces ground,0.0008587191047231816,DRAWING_DERIVED,,,Wire EDM; H900; ream; ASTM A564 Type 630 certified stock; H900 unless the drawing explicitly selects a tougher condition; heat-treatment/hardness record; ASTM A967 passivation; grind/ream critical fits; CMM inspection,,DIGITAL DEFINITION PRESENT; RELEASE QUALIFICATION NOT ESTABLISHED
DF8-R2-STOW-DOG-001,CAPTIVE_RADIAL_STOWED-RETENTION_DOG_WITH_TRANSPORT-INHIBIT_BORE_SS,CAPTIVE RADIAL STOWED-RETENTION DOG WITH TRANSPORT-INHIBIT BORE,B,MAKE,STINGRAY custom,3,3,17-4PH stainless steel,ASTM A967 passivated; critical bearing surfaces ground,0.0007049382892415685,DRAWING_DERIVED,,,Wire EDM and grind; ASTM A564 Type 630 certified stock; H900 unless the drawing explicitly selects a tougher condition; heat-treatment/hardness record; ASTM A967 passivation; grind/ream critical fits; CMM inspection,,DIGITAL DEFINITION PRESENT; RELEASE QUALIFICATION NOT ESTABLISHED
DF8-R2-STOW-DOG-INHIBIT-KEEPER-001,CAPTIVE_CRESCENT_RETAINER_FOR_TRANSPORT-INHIBIT_PIN_SS,CAPTIVE CRESCENT RETAINER FOR TRANSPORT-INHIBIT PIN,A,MAKE,STINGRAY custom,3,3,1.4310 stainless spring steel,ASTM A967 passivated; rope-contact and seal surfaces polished per drawing,3.948942128413097e-06,DRAWING_DERIVED,,,Stamp; deburr; passivate; inspect seating in occurrence-matched pin groove; Certified stainless product form/condition; heat/lot CoC; qualified weld/braze procedure where applicable; ASTM A967 passivation; PT of pressure welds; dimensional inspection,External keeper remains seated on and translates with the headed inhibit pin in both retained and withdrawn endpoint states.,DIGITAL DEFINITION PRESENT; RELEASE QUALIFICATION NOT ESTABLISHED
DF8-R2-STOW-DOG-INHIBIT-PIN-001,WITHDRAWABLE_HEADED_TRANSPORT-INHIBIT_PIN_SS,WITHDRAWABLE HEADED TRANSPORT-INHIBIT PIN,A,MAKE,STINGRAY custom,3,3,17-4PH stainless steel,ASTM A967 passivated; critical bearing surfaces ground,5.93375184680702e-05,DRAWING_DERIVED,,,Swiss turn; H900; grind; tether-feature inspection; ASTM A564 Type 630 certified stock; H900 unless the drawing explicitly selects a tougher condition; heat-treatment/hardness record; ASTM A967 passivation; grind/ream critical fits; CMM inspection,,DIGITAL DEFINITION PRESENT; RELEASE QUALIFICATION NOT ESTABLISHED
DF8-R2-STOW-DOG-RETURN-SPRING-001,CAPTIVE_STOW-DOG_RADIAL_RETURN_SPRING_SS,CAPTIVE STOW-DOG RADIAL RETURN SPRING,A,MAKE,STINGRAY custom,3,3,1.4310 stainless spring steel,ASTM A967 passivated; rope-contact and seal surfaces polished per drawing,3.195904507999331e-07,DRAWING_DERIVED,,,Micro-coil; stress relieve; inspect installed force and 0.28-3.78 mm working stroke; Certified stainless product form/condition; heat/lot CoC; qualified weld/braze procedure where applicable; ASTM A967 passivation; PT of pressure welds; dimensional inspection,Endpoint B-reps bound the full radial dog stroke; spring is captured between the integral guide bridge and dog inboard face.,DIGITAL DEFINITION PRESENT; RELEASE QUALIFICATION NOT ESTABLISHED
DF8-R2-TETHER-THIMBLE-001,AMSTEEL_EYE-SPLICE_THIMBLE_SS,AMSTEEL EYE-SPLICE THIMBLE,A,MAKE,STINGRAY custom,2,2,316 stainless steel,ASTM A967 passivated; rope-contact and seal surfaces polished per drawing,0.0028967149754297837,DRAWING_DERIVED,,,Stamp and form; Certified stainless product form/condition; heat/lot CoC; qualified weld/braze procedure where applicable; ASTM A967 passivation; PT of pressure welds; dimensional inspection,,DIGITAL DEFINITION PRESENT; RELEASE QUALIFICATION NOT ESTABLISHED
DF8-SHORT14-AFT-CAP-001,SHORTENED_BODY_AFT_CAP_WITH_TETHER_SERVICE_PASSAGE_TI,SHORTENED BODY AFT CAP WITH TETHER SERVICE PASSAGE,A,MAKE,STINGRAY custom,1,1,Ti-6Al-4V,ASTM B600 clean/passivate; drawing-controlled surface finish,0.03852351979077313,EXACT_ANALYTIC,,,5-axis mill; machine chafe-safe service passage; bolt and safety-wire to closure ring; Ti-6Al-4V Grade 5 certified product form; heat/lot CoC; qualified argon-purged WPS where welded; PT after welding; alpha-case removal; galvanic isolation; CMM final inspection,,DIGITAL DEFINITION PRESENT; RELEASE QUALIFICATION NOT ESTABLISHED
DF8-SHORT14-AFT-CLOSURE-RING-001,AFT_STRUCTURAL_CLOSURE_RING_TI,AFT STRUCTURAL CLOSURE RING,A,MAKE,STINGRAY custom,1,1,Ti-6Al-4V,ASTM B600 clean/passivate; drawing-controlled surface finish,0.03107333460038692,EXACT_ANALYTIC,,,Mill-turn; weld to shell; face grind; Ti-6Al-4V Grade 5 certified product form; heat/lot CoC; qualified argon-purged WPS where welded; PT after welding; alpha-case removal; galvanic isolation; CMM final inspection,,DIGITAL DEFINITION PRESENT; RELEASE QUALIFICATION NOT ESTABLISHED
DF8-SHORT14-AFT-LONGERON-AFT-001,AFT_PRIMARY_LOAD-PATH_LONGERON_AFT_TI,AFT PRIMARY LOAD-PATH LONGERON AFT,A,MAKE,STINGRAY custom,3,3,Ti-6Al-4V,ASTM B600 clean/passivate; drawing-controlled surface finish,0.0014266960518677578,EXACT_ANALYTIC,,,5-axis mill; qualified longitudinal shell weld; Ti-6Al-4V Grade 5 certified product form; heat/lot CoC; qualified argon-purged WPS where welded; PT after welding; alpha-case removal; galvanic isolation; CMM final inspection,,DIGITAL DEFINITION PRESENT; RELEASE QUALIFICATION NOT ESTABLISHED
DF8-SHORT14-AFT-LONGERON-FWD-001,AFT_PRIMARY_LOAD-PATH_LONGERON_FWD_TI,AFT PRIMARY LOAD-PATH LONGERON FWD,A,MAKE,STINGRAY custom,3,3,Ti-6Al-4V,ASTM B600 clean/passivate; drawing-controlled surface finish,0.02667675634914794,EXACT_ANALYTIC,,,5-axis mill; qualified longitudinal shell weld; Ti-6Al-4V Grade 5 certified product form; heat/lot CoC; qualified argon-purged WPS where welded; PT after welding; alpha-case removal; galvanic isolation; CMM final inspection,,DIGITAL DEFINITION PRESENT; RELEASE QUALIFICATION NOT ESTABLISHED
DF8-SHORT14-AFT-SHELL-CLOSURE-001,SHORTENED_AFT_GRADE-9_TITANIUM_SHELL_CLOSURE_SEGMENT_TI,SHORTENED AFT GRADE-9 TITANIUM SHELL CLOSURE SEGMENT,A,MAKE,STINGRAY custom,1,1,Ti-3Al-2.5V Grade 9,ASTM B600 clean/passivate; drawing-controlled shell finish,0.03782690138875042,EXACT_ANALYTIC,,,Cold draw; trim; machine radiused tether/thimble passage; laser weld to recovery and closure rings; ASTM B338 Grade 9 tube/product form; heat/lot CoC; qualified argon-purged laser-weld WPS; PT and borescope inspection; alpha-case removal; CMM final inspection,Rounded +X exit continues through the aft shell segment without interrupting the three primary longerons.,DIGITAL DEFINITION PRESENT; RELEASE QUALIFICATION NOT ESTABLISHED
DF8-SHORT14-AFT-SHELL-FORWARD-001,SHORTENED_AFT_GRADE-9_TITANIUM_SHELL_FORWARD_SEGMENT_TI,SHORTENED AFT GRADE-9 TITANIUM SHELL FORWARD SEGMENT,A,MAKE,STINGRAY custom,1,1,Ti-3Al-2.5V Grade 9,ASTM B600 clean/passivate; drawing-controlled shell finish,0.7273446071334247,EXACT_ANALYTIC,,,Cold draw; trim; machine radiused tether/thimble passage; laser weld to termination and recovery rings; ASTM B338 Grade 9 tube/product form; heat/lot CoC; qualified argon-purged laser-weld WPS; PT and borescope inspection; alpha-case removal; CMM final inspection,Rounded +X exit prevents structural tether and body-thimble contact with the shell edge.,DIGITAL DEFINITION PRESENT; RELEASE QUALIFICATION NOT ESTABLISHED
DF8-SHORT14-ARM-BLADE-001,378.206_MM_PIVOT-TO-TIP_SHORTENED_ARM_BLADE_WITH_CONTROLLED_ROUNDED_TIP_TI,378.206 MM PIVOT-TO-TIP SHORTENED ARM BLADE WITH CONTROLLED ROUNDED TIP,A,MAKE,STINGRAY custom,3,3,Ti-6Al-4V,ASTM B600 clean/passivate; drawing-controlled surface finish,0.06444988175252296,EXACT_ANALYTIC,,,Source arm-root machining retained; outboard analytic blade rebuilt to the 378.206 mm tip datum; deburr and CMM inspect,"Root, pivot, link, stop, lock and retention interfaces are source-derived. PHYSICAL FABRIC-ENGAGEMENT AND RETENTION TEST REQUIRED.",DIGITAL DEFINITION PRESENT; RELEASE QUALIFICATION NOT ESTABLISHED
DF8-SHORT14-ARM-LONGERON-001,SHORTENED_PRIMARY_ARM-MODULE_LONGERON_TI,SHORTENED PRIMARY ARM-MODULE LONGERON,A,MAKE,STINGRAY custom,2,2,Ti-6Al-4V,ASTM B600 clean/passivate; drawing-controlled surface finish,0.02557947017485575,EXACT_ANALYTIC,,,5-axis mill and jig bore; Ti-6Al-4V Grade 5 certified product form; heat/lot CoC; qualified argon-purged WPS where welded; PT after welding; alpha-case removal; galvanic isolation; CMM final inspection,,DIGITAL DEFINITION PRESENT; RELEASE QUALIFICATION NOT ESTABLISHED
DF8-SHORT14-ARM-TERMINATION-RING-001,SHORT-ARM_MODULE_AFT_STRUCTURAL_TERMINATION_RING_TI,SHORT-ARM MODULE AFT STRUCTURAL TERMINATION RING,A,MAKE,STINGRAY custom,1,1,Ti-6Al-4V,ASTM B600 clean/passivate; drawing-controlled surface finish,0.028944490434771264,EXACT_ANALYTIC,,,Mill-turn; machine three longeron and stow-guide lands; CMM inspect,,DIGITAL DEFINITION PRESENT; RELEASE QUALIFICATION NOT ESTABLISHED
DF8-SHORT14-BACKUP-ACCESS-FIXED-SECTOR-003,SHORTENED_FIXED_SECTOR_3_WITH_BACKUP-GUIDE_ACCESS_TI,SHORTENED FIXED SECTOR 3 WITH BACKUP-GUIDE ACCESS,A,MAKE,STINGRAY custom,1,1,Ti-6Al-4V,ASTM B600 clean/passivate; drawing-controlled surface finish,0.17708072899000055,EXACT_ANALYTIC,,,Hot form; 5-axis trim; occurrence-match mill two inward-open M3 head pockets; Ti-6Al-4V Grade 5 certified product form; heat/lot CoC; qualified argon-purged WPS where welded; PT after welding; alpha-case removal; galvanic isolation; CMM final inspection,,DIGITAL DEFINITION PRESENT; RELEASE QUALIFICATION NOT ESTABLISHED
DF8-SHORT14-BACKUP-GUIDE-LONGERON-003,SHORTENED_PRIMARY_LONGERON_3_WITH_BACKUP-GUIDE_BORES_TI,SHORTENED PRIMARY LONGERON 3 WITH BACKUP-GUIDE BORES,A,MAKE,STINGRAY custom,1,1,Ti-6Al-4V,ASTM B600 clean/passivate; drawing-controlled surface finish,0.02536196076122347,EXACT_ANALYTIC,,,5-axis mill; jig bore routes; drill 2X radial M3 clearance; Ti-6Al-4V Grade 5 certified product form; heat/lot CoC; qualified argon-purged WPS where welded; PT after welding; alpha-case removal; galvanic isolation; CMM final inspection,,DIGITAL DEFINITION PRESENT; RELEASE QUALIFICATION NOT ESTABLISHED
DF8-SHORT14-BALLAST-CARRIER-TRANSITION-RING-001,BALLAST-AFT-FACE_TO_ARM-CARRIER_STRUCTURAL_TRANSITION_RING_TI,BALLAST-AFT-FACE TO ARM-CARRIER STRUCTURAL TRANSITION RING,A,MAKE,STINGRAY custom,1,1,Ti-6Al-4V,ASTM B600 clean/passivate; drawing-controlled surface finish,0.025715400129644583,EXACT_ANALYTIC,,,"Mill-turn; machine six occurrence-matched carrier weld lands, twelve source-derived stop-hardware reliefs, and three continuous bounded root/stop motion corridors; CMM inspect ballast-face and pivot datums",FORWARD_BALLAST_AFT_FACE is the exact BALLAST-001 planar face at Z=336.000 mm; ring spans Z=336.000..344.000 mm. Continuous corridors conservatively contain the exact source-derived 5-degree probe envelope from 0..55 degrees; the independent 1-degree motion gate remains the acceptance authority.,DIGITAL DEFINITION PRESENT; RELEASE QUALIFICATION NOT ESTABLISHED
DF8-SHORT14-BUOY-INLET-MANIFOLD-001,BUOY-MOUNTED_INLET_MANIFOLD_WITH_INFLATOR_THREAD_INTERFACE_SS,BUOY-MOUNTED INLET MANIFOLD WITH INFLATOR THREAD INTERFACE,A,MAKE,STINGRAY custom,1,1,316 stainless steel,ASTM A967 passivated; rope-contact and seal surfaces polished per drawing,0.004987341169426868,EXACT_ANALYTIC,,,Swiss turn; passivate; RF-patch clamp and leak proof; Certified stainless product form/condition; heat/lot CoC; qualified weld/braze procedure where applicable; ASTM A967 passivation; PT of pressure welds; dimensional inspection,,DIGITAL DEFINITION PRESENT; RELEASE QUALIFICATION NOT ESTABLISHED
DF8-SHORT14-BUOY-INLET-REINFORCEMENT-PATCH-001,BUOY_INLET_RF-WELDED_REINFORCEMENT_PATCH_TPU,BUOY INLET RF-WELDED REINFORCEMENT PATCH,A,MAKE,STINGRAY custom,1,1,TPU-coated nylon laminate,Clean RF-welded membrane; trimmed sealed edges,0.026,EXACT_ANALYTIC,,,"Multi-ply RF weld; leak proof and pull proof; Controlled TPU-coated high-tenacity nylon laminate drawing: substrate denier/weave, areal weight, coating chemistry/thickness and lot CoC; qualified RF-weld schedule; 100% leak and pressure proof; aging coupon",,DIGITAL DEFINITION PRESENT; RELEASE QUALIFICATION NOT ESTABLISHED
DF8-SHORT14-BUOY-PANEL-01,60_L_BUOY_PANEL_01_WITH_PACKED-ENVELOPE_AND_DEPLOYED-GORE_STATES_TPU,60 L BUOY PANEL 01 WITH PACKED-ENVELOPE AND DEPLOYED-GORE STATES,A,MAKE,STINGRAY custom,1,1,TPU-coated nylon,Clean RF-welded membrane; trimmed sealed edges,0.02375,EXACT_ANALYTIC,,,"Waterjet cut; RF weld 12 mm seams; leak and inflation proof; Controlled TPU-coated high-tenacity nylon laminate drawing: substrate denier/weave, areal weight, coating chemistry/thickness and lot CoC; qualified RF-weld schedule; 100% leak and pressure proof; aging coupon",Packed state is Buoy_Packed_Softgoods_Envelope_PROXY; deployed state is a thin closed exact gore solid.,DIGITAL DEFINITION PRESENT; RELEASE QUALIFICATION NOT ESTABLISHED
DF8-SHORT14-BUOY-PANEL-02,60_L_BUOY_PANEL_02_WITH_PACKED-ENVELOPE_AND_DEPLOYED-GORE_STATES_TPU,60 L BUOY PANEL 02 WITH PACKED-ENVELOPE AND DEPLOYED-GORE STATES,A,MAKE,STINGRAY custom,1,1,TPU-coated nylon,Clean RF-welded membrane; trimmed sealed edges,0.02375,EXACT_ANALYTIC,,,"Waterjet cut; RF weld 12 mm seams; leak and inflation proof; Controlled TPU-coated high-tenacity nylon laminate drawing: substrate denier/weave, areal weight, coating chemistry/thickness and lot CoC; qualified RF-weld schedule; 100% leak and pressure proof; aging coupon",Packed state is Buoy_Packed_Softgoods_Envelope_PROXY; deployed state is a thin closed exact gore solid.,DIGITAL DEFINITION PRESENT; RELEASE QUALIFICATION NOT ESTABLISHED
DF8-SHORT14-BUOY-PANEL-03,60_L_BUOY_PANEL_03_WITH_PACKED-ENVELOPE_AND_DEPLOYED-GORE_STATES_TPU,60 L BUOY PANEL 03 WITH PACKED-ENVELOPE AND DEPLOYED-GORE STATES,A,MAKE,STINGRAY custom,1,1,TPU-coated nylon,Clean RF-welded membrane; trimmed sealed edges,0.02375,EXACT_ANALYTIC,,,"Waterjet cut; RF weld 12 mm seams; leak and inflation proof; Controlled TPU-coated high-tenacity nylon laminate drawing: substrate denier/weave, areal weight, coating chemistry/thickness and lot CoC; qualified RF-weld schedule; 100% leak and pressure proof; aging coupon",Packed state is Buoy_Packed_Softgoods_Envelope_PROXY; deployed state is a thin closed exact gore solid.,DIGITAL DEFINITION PRESENT; RELEASE QUALIFICATION NOT ESTABLISHED
DF8-SHORT14-BUOY-PANEL-04,60_L_BUOY_PANEL_04_WITH_PACKED-ENVELOPE_AND_DEPLOYED-GORE_STATES_TPU,60 L BUOY PANEL 04 WITH PACKED-ENVELOPE AND DEPLOYED-GORE STATES,A,MAKE,STINGRAY custom,1,1,TPU-coated nylon,Clean RF-welded membrane; trimmed sealed edges,0.02375,EXACT_ANALYTIC,,,"Waterjet cut; RF weld 12 mm seams; leak and inflation proof; Controlled TPU-coated high-tenacity nylon laminate drawing: substrate denier/weave, areal weight, coating chemistry/thickness and lot CoC; qualified RF-weld schedule; 100% leak and pressure proof; aging coupon",Packed state is Buoy_Packed_Softgoods_Envelope_PROXY; deployed state is a thin closed exact gore solid.,DIGITAL DEFINITION PRESENT; RELEASE QUALIFICATION NOT ESTABLISHED
DF8-SHORT14-BUOY-PANEL-05,60_L_BUOY_PANEL_05_WITH_PACKED-ENVELOPE_AND_DEPLOYED-GORE_STATES_TPU,60 L BUOY PANEL 05 WITH PACKED-ENVELOPE AND DEPLOYED-GORE STATES,A,MAKE,STINGRAY custom,1,1,TPU-coated nylon,Clean RF-welded membrane; trimmed sealed edges,0.02375,EXACT_ANALYTIC,,,"Waterjet cut; RF weld 12 mm seams; leak and inflation proof; Controlled TPU-coated high-tenacity nylon laminate drawing: substrate denier/weave, areal weight, coating chemistry/thickness and lot CoC; qualified RF-weld schedule; 100% leak and pressure proof; aging coupon",Packed state is Buoy_Packed_Softgoods_Envelope_PROXY; deployed state is a thin closed exact gore solid.,DIGITAL DEFINITION PRESENT; RELEASE QUALIFICATION NOT ESTABLISHED
DF8-SHORT14-BUOY-PANEL-06,60_L_BUOY_PANEL_06_WITH_PACKED-ENVELOPE_AND_DEPLOYED-GORE_STATES_TPU,60 L BUOY PANEL 06 WITH PACKED-ENVELOPE AND DEPLOYED-GORE STATES,A,MAKE,STINGRAY custom,1,1,TPU-coated nylon,Clean RF-welded membrane; trimmed sealed edges,0.02375,EXACT_ANALYTIC,,,"Waterjet cut; RF weld 12 mm seams; leak and inflation proof; Controlled TPU-coated high-tenacity nylon laminate drawing: substrate denier/weave, areal weight, coating chemistry/thickness and lot CoC; qualified RF-weld schedule; 100% leak and pressure proof; aging coupon",Packed state is Buoy_Packed_Softgoods_Envelope_PROXY; deployed state is a thin closed exact gore solid.,DIGITAL DEFINITION PRESENT; RELEASE QUALIFICATION NOT ESTABLISHED
DF8-SHORT14-BUOY-PANEL-07,60_L_BUOY_PANEL_07_WITH_PACKED-ENVELOPE_AND_DEPLOYED-GORE_STATES_TPU,60 L BUOY PANEL 07 WITH PACKED-ENVELOPE AND DEPLOYED-GORE STATES,A,MAKE,STINGRAY custom,1,1,TPU-coated nylon,Clean RF-welded membrane; trimmed sealed edges,0.02375,EXACT_ANALYTIC,,,"Waterjet cut; RF weld 12 mm seams; leak and inflation proof; Controlled TPU-coated high-tenacity nylon laminate drawing: substrate denier/weave, areal weight, coating chemistry/thickness and lot CoC; qualified RF-weld schedule; 100% leak and pressure proof; aging coupon",Packed state is Buoy_Packed_Softgoods_Envelope_PROXY; deployed state is a thin closed exact gore solid.,DIGITAL DEFINITION PRESENT; RELEASE QUALIFICATION NOT ESTABLISHED
DF8-SHORT14-BUOY-PANEL-08,60_L_BUOY_PANEL_08_WITH_PACKED-ENVELOPE_AND_DEPLOYED-GORE_STATES_TPU,60 L BUOY PANEL 08 WITH PACKED-ENVELOPE AND DEPLOYED-GORE STATES,A,MAKE,STINGRAY custom,1,1,TPU-coated nylon,Clean RF-welded membrane; trimmed sealed edges,0.02375,EXACT_ANALYTIC,,,"Waterjet cut; RF weld 12 mm seams; leak and inflation proof; Controlled TPU-coated high-tenacity nylon laminate drawing: substrate denier/weave, areal weight, coating chemistry/thickness and lot CoC; qualified RF-weld schedule; 100% leak and pressure proof; aging coupon",Packed state is Buoy_Packed_Softgoods_Envelope_PROXY; deployed state is a thin closed exact gore solid.,DIGITAL DEFINITION PRESENT; RELEASE QUALIFICATION NOT ESTABLISHED
DF8-SHORT14-CORDURA-BREAKAWAY-FLAP-LEFT-001,CORDURA_PEEL-OPEN_BREAKAWAY_FLAP_LEFT,CORDURA PEEL-OPEN BREAKAWAY FLAP LEFT,A,MAKE,STINGRAY custom,1,1,1000D Cordura nylon with polyurethane coating,Per controlled drawing,0.065,EXACT_ANALYTIC,,,Pattern cut; reinforced bound edges; peel-oriented hook-and-loop sewing; Heat/lot CoC; drawing tolerances; deburr; clean; final dimensional inspection,"Opened geometry remains attached to cradle; closure is peel-dominant, not full-area shear.",DIGITAL DEFINITION PRESENT; RELEASE QUALIFICATION NOT ESTABLISHED
DF8-SHORT14-CORDURA-BREAKAWAY-FLAP-RIGHT-001,CORDURA_PEEL-OPEN_BREAKAWAY_FLAP_RIGHT,CORDURA PEEL-OPEN BREAKAWAY FLAP RIGHT,A,MAKE,STINGRAY custom,1,1,1000D Cordura nylon with polyurethane coating,Per controlled drawing,0.065,EXACT_ANALYTIC,,,Pattern cut; reinforced bound edges; peel-oriented hook-and-loop sewing; Heat/lot CoC; drawing tolerances; deburr; clean; final dimensional inspection,"Opened geometry remains attached to cradle; closure is peel-dominant, not full-area shear.",DIGITAL DEFINITION PRESENT; RELEASE QUALIFICATION NOT ESTABLISHED
DF8-SHORT14-CORDURA-CRADLE-LEFT-001,AFT_BUOY_BREAKAWAY_WRAP_CORDURA_CRADLE_LEFT_PANEL_WITH_DRAINAGE_GAPS,AFT BUOY BREAKAWAY WRAP CORDURA CRADLE LEFT PANEL WITH DRAINAGE GAPS,A,MAKE,STINGRAY custom,1,1,1000D Cordura nylon with polyurethane coating,Per controlled drawing,0.0575,EXACT_ANALYTIC,,,Pattern cut; bound radiused edges; controlled seam allowance and bar-tacks; Heat/lot CoC; drawing tolerances; deburr; clean; final dimensional inspection,Two-panel closed-solid cradle retains the pack only; it is not in the ultimate recovery load path.,DIGITAL DEFINITION PRESENT; RELEASE QUALIFICATION NOT ESTABLISHED
DF8-SHORT14-CORDURA-CRADLE-RIGHT-001,AFT_BUOY_BREAKAWAY_WRAP_CORDURA_CRADLE_RIGHT_PANEL_WITH_DRAINAGE_GAPS,AFT BUOY BREAKAWAY WRAP CORDURA CRADLE RIGHT PANEL WITH DRAINAGE GAPS,A,MAKE,STINGRAY custom,1,1,1000D Cordura nylon with polyurethane coating,Per controlled drawing,0.0575,EXACT_ANALYTIC,,,Pattern cut; bound radiused edges; controlled seam allowance and bar-tacks; Heat/lot CoC; drawing tolerances; deburr; clean; final dimensional inspection,Two-panel closed-solid cradle retains the pack only; it is not in the ultimate recovery load path.,DIGITAL DEFINITION PRESENT; RELEASE QUALIFICATION NOT ESTABLISHED
DF8-SHORT14-CROSSHEAD-001,ONE-PIECE_SIX-CLEVIS_GUIDED_COMMON_CROSSHEAD_WITHOUT_BOOLEAN_DEBRIS_SS,ONE-PIECE SIX-CLEVIS GUIDED COMMON CROSSHEAD WITHOUT BOOLEAN DEBRIS,A,MAKE,STINGRAY custom,1,1,17-4PH stainless steel,ASTM A967 passivated; critical bearing surfaces ground,0.01232918785989715,EXACT_ANALYTIC,,,5-axis mill-turn from one billet; H900; hone; CMM inspect all six clevis interfaces,Source interface datums retained; two sub-1 mm3 Boolean-debris solids removed and retained cheeks joined inside the source envelope.,DIGITAL DEFINITION PRESENT; RELEASE QUALIFICATION NOT ESTABLISHED
DF8-SHORT14-FIXED-SECTOR-001,SHORTENED_ANALYTIC_CYLINDRICAL_FIXED_BODY_SECTOR_TI,SHORTENED ANALYTIC CYLINDRICAL FIXED BODY SECTOR,A,MAKE,STINGRAY custom,2,2,Ti-6Al-4V,ASTM B600 clean/passivate; drawing-controlled surface finish,0.17781369911265105,EXACT_ANALYTIC,,,Hot form and 5-axis trim; Ti-6Al-4V Grade 5 certified product form; heat/lot CoC; qualified argon-purged WPS where welded; PT after welding; alpha-case removal; galvanic isolation; CMM final inspection,,DIGITAL DEFINITION PRESENT; RELEASE QUALIFICATION NOT ESTABLISHED
DF8-SHORT14-HOOK-STRIP-001,WET-RATED_HOOK_CLOSURE_STRIP,WET-RATED HOOK CLOSURE STRIP,A,MAKE,STINGRAY custom,1,1,Nylon hook-and-loop,Per controlled drawing,0.012,EXACT_ANALYTIC,,,Sew to reinforced flap with peel-axis orientation; Heat/lot CoC; drawing tolerances; deburr; clean; final dimensional inspection,,DIGITAL DEFINITION PRESENT; RELEASE QUALIFICATION NOT ESTABLISHED
DF8-SHORT14-INFLATOR-GUARD-001,INFLATOR_IMPACT_GUARD_WITH_OPEN_WATER_PATH_TI,INFLATOR IMPACT GUARD WITH OPEN WATER PATH,A,MAKE,STINGRAY custom,1,1,Ti-6Al-4V,ASTM B600 clean/passivate; drawing-controlled surface finish,0.055,EXACT_ANALYTIC,,,Wire form/machine; rounded edges; patch-mounted proof; Ti-6Al-4V Grade 5 certified product form; heat/lot CoC; qualified argon-purged WPS where welded; PT after welding; alpha-case removal; galvanic isolation; CMM final inspection,,DIGITAL DEFINITION PRESENT; RELEASE QUALIFICATION NOT ESTABLISHED
DF8-SHORT14-LOOP-STRIP-001,WET-RATED_LOOP_CLOSURE_STRIP,WET-RATED LOOP CLOSURE STRIP,A,MAKE,STINGRAY custom,1,1,Nylon hook-and-loop,Per controlled drawing,0.012,EXACT_ANALYTIC,,,Sew to reinforced flap with bounded 16-degree overlap; Heat/lot CoC; drawing tolerances; deburr; clean; final dimensional inspection,,DIGITAL DEFINITION PRESENT; RELEASE QUALIFICATION NOT ESTABLISHED
DF8-SHORT14-MANUAL-PULL-LANYARD-001,MANUAL_INFLATOR_PULL_LANYARD_WITH_MODELED_SLACK_AND_FIRED_TRAVEL_HMPE,MANUAL INFLATOR PULL LANYARD WITH MODELED SLACK AND FIRED TRAVEL,A,MAKE,STINGRAY custom,1,1,HMPE cord,"Chafe-protected, heat-sealed and clean",0.008,EXACT_ANALYTIC,,,Eye splice; controlled finished length; 445 N pull proof; Controlled rope construction and raw-lot CoC; finished length tolerance; occurrence-specific eye/thimble/ferrule traveler; splice or swage dimensional inspection; finished-article proof load,Modeled slack 18.0 mm; required unobstructed fired travel 25.0 mm.,DIGITAL DEFINITION PRESENT; RELEASE QUALIFICATION NOT ESTABLISHED
DF8-SHORT14-MANUAL-PULL-TAB-001,GLOVED-HAND_MANUAL_PULL_TAB_WITH_SNAG-RETENTION_KEEPER_TPU,GLOVED-HAND MANUAL PULL TAB WITH SNAG-RETENTION KEEPER,A,MAKE,STINGRAY custom,1,1,TPU overmold on HMPE webbing,"Chafe-protected, heat-sealed and clean",0.018,EXACT_ANALYTIC,,,Overmold; high-visibility marking; gloved pull and snag test; Controlled rope construction and raw-lot CoC; finished length tolerance; occurrence-specific eye/thimble/ferrule traveler; splice or swage dimensional inspection; finished-article proof load,,DIGITAL DEFINITION PRESENT; RELEASE QUALIFICATION NOT ESTABLISHED
DF8-SHORT14-PACK-ATTACHMENT-COLLAR-001,LOW-PROFILE_PACK_ATTACHMENT_COLLAR_WITHIN_57.15_MM_RIGID_LIMIT_TI,LOW-PROFILE PACK ATTACHMENT COLLAR WITHIN 57.15 MM RIGID LIMIT,A,MAKE,STINGRAY custom,2,2,Ti-6Al-4V,ASTM B600 clean/passivate; drawing-controlled surface finish,0.005333788153283115,EXACT_ANALYTIC,,,Split-ring machine; qualified shell attachment; proof load pack retention; Ti-6Al-4V Grade 5 certified product form; heat/lot CoC; qualified argon-purged WPS where welded; PT after welding; alpha-case removal; galvanic isolation; CMM final inspection,,DIGITAL DEFINITION PRESENT; RELEASE QUALIFICATION NOT ESTABLISHED
DF8-SHORT14-PACK-ATTACHMENT-WEBBING-001,STRUCTURAL_PACK-RETENTION_WEBBING_STRAP_HMPE,STRUCTURAL PACK-RETENTION WEBBING STRAP,A,MAKE,STINGRAY custom,2,2,HMPE webbing,"Chafe-protected, heat-sealed and clean",0.028,EXACT_ANALYTIC,,,Closed-loop stitch; two-place collar lacing; pack retention proof; Controlled rope construction and raw-lot CoC; finished length tolerance; occurrence-specific eye/thimble/ferrule traveler; splice or swage dimensional inspection; finished-article proof load,Retains pack only and is excluded from the recovery load path.,DIGITAL DEFINITION PRESENT; RELEASE QUALIFICATION NOT ESTABLISHED
DF8-SHORT14-PACK-EDGE-BAND-001,REINFORCED_PACK_EDGE_BINDING_HMPE,REINFORCED PACK EDGE BINDING,A,MAKE,STINGRAY custom,2,2,Cordura binding and HMPE webbing,"Chafe-protected, heat-sealed and clean",0.02,EXACT_ANALYTIC,,,Bound edge; continuous stitch and bar-tack termination; Controlled rope construction and raw-lot CoC; finished length tolerance; occurrence-specific eye/thimble/ferrule traveler; splice or swage dimensional inspection; finished-article proof load,,DIGITAL DEFINITION PRESENT; RELEASE QUALIFICATION NOT ESTABLISHED
DF8-SHORT14-PACK-RADIAL-TIE-1-1,PACK_COLLAR-TO-CRADLE_RADIAL_WEBBING_TIE_HMPE,PACK COLLAR-TO-CRADLE RADIAL WEBBING TIE,A,MAKE,STINGRAY custom,1,1,HMPE webbing,"Chafe-protected, heat-sealed and clean",0.004,EXACT_ANALYTIC,,,Folded and bar-tacked around collar and cradle webbing; Controlled rope construction and raw-lot CoC; finished length tolerance; occurrence-specific eye/thimble/ferrule traveler; splice or swage dimensional inspection; finished-article proof load,,DIGITAL DEFINITION PRESENT; RELEASE QUALIFICATION NOT ESTABLISHED
DF8-SHORT14-PACK-RADIAL-TIE-1-2,PACK_COLLAR-TO-CRADLE_RADIAL_WEBBING_TIE_HMPE_02,PACK COLLAR-TO-CRADLE RADIAL WEBBING TIE,A,MAKE,STINGRAY custom,1,1,HMPE webbing,"Chafe-protected, heat-sealed and clean",0.004,EXACT_ANALYTIC,,,Folded and bar-tacked around collar and cradle webbing; Controlled rope construction and raw-lot CoC; finished length tolerance; occurrence-specific eye/thimble/ferrule traveler; splice or swage dimensional inspection; finished-article proof load,,DIGITAL DEFINITION PRESENT; RELEASE QUALIFICATION NOT ESTABLISHED
DF8-SHORT14-PACK-RADIAL-TIE-1-3,PACK_COLLAR-TO-CRADLE_RADIAL_WEBBING_TIE_HMPE_03,PACK COLLAR-TO-CRADLE RADIAL WEBBING TIE,A,MAKE,STINGRAY custom,1,1,HMPE webbing,"Chafe-protected, heat-sealed and clean",0.004,EXACT_ANALYTIC,,,Folded and bar-tacked around collar and cradle webbing; Controlled rope construction and raw-lot CoC; finished length tolerance; occurrence-specific eye/thimble/ferrule traveler; splice or swage dimensional inspection; finished-article proof load,,DIGITAL DEFINITION PRESENT; RELEASE QUALIFICATION NOT ESTABLISHED
DF8-SHORT14-PACK-RADIAL-TIE-2-1,PACK_COLLAR-TO-CRADLE_RADIAL_WEBBING_TIE_HMPE_04,PACK COLLAR-TO-CRADLE RADIAL WEBBING TIE,A,MAKE,STINGRAY custom,1,1,HMPE webbing,"Chafe-protected, heat-sealed and clean",0.004,EXACT_ANALYTIC,,,Folded and bar-tacked around collar and cradle webbing; Controlled rope construction and raw-lot CoC; finished length tolerance; occurrence-specific eye/thimble/ferrule traveler; splice or swage dimensional inspection; finished-article proof load,,DIGITAL DEFINITION PRESENT; RELEASE QUALIFICATION NOT ESTABLISHED
DF8-SHORT14-PACK-RADIAL-TIE-2-2,PACK_COLLAR-TO-CRADLE_RADIAL_WEBBING_TIE_HMPE_05,PACK COLLAR-TO-CRADLE RADIAL WEBBING TIE,A,MAKE,STINGRAY custom,1,1,HMPE webbing,"Chafe-protected, heat-sealed and clean",0.004,EXACT_ANALYTIC,,,Folded and bar-tacked around collar and cradle webbing; Controlled rope construction and raw-lot CoC; finished length tolerance; occurrence-specific eye/thimble/ferrule traveler; splice or swage dimensional inspection; finished-article proof load,,DIGITAL DEFINITION PRESENT; RELEASE QUALIFICATION NOT ESTABLISHED
DF8-SHORT14-PACK-RADIAL-TIE-2-3,PACK_COLLAR-TO-CRADLE_RADIAL_WEBBING_TIE_HMPE_06,PACK COLLAR-TO-CRADLE RADIAL WEBBING TIE,A,MAKE,STINGRAY custom,1,1,HMPE webbing,"Chafe-protected, heat-sealed and clean",0.004,EXACT_ANALYTIC,,,Folded and bar-tacked around collar and cradle webbing; Controlled rope construction and raw-lot CoC; finished length tolerance; occurrence-specific eye/thimble/ferrule traveler; splice or swage dimensional inspection; finished-article proof load,,DIGITAL DEFINITION PRESENT; RELEASE QUALIFICATION NOT ESTABLISHED
DF8-SHORT14-PIVOT-CARRIER-PRIMARY-LUG-001,SOURCE-EXACT_DOUBLE-SHEAR_PIVOT_CARRIER_PRIMARY_LUG_TI,SOURCE-EXACT DOUBLE-SHEAR PIVOT CARRIER PRIMARY LUG,B,MAKE,STINGRAY custom,3,3,Ti-6Al-4V,ASTM B600 clean/passivate; drawing-controlled surface finish,0.0013538421744136802,EXACT_ANALYTIC,,,5-axis mill; ream pivot; machine stop-land bore; weld to transition-ring land; CMM inspect,Exact source negative-Y lug and all source bores retained; no bridge material crosses the deployed-arm or stop-pad motion path.,DIGITAL DEFINITION PRESENT; RELEASE QUALIFICATION NOT ESTABLISHED
DF8-SHORT14-PIVOT-CARRIER-SECONDARY-LUG-001,SOURCE-EXACT_DOUBLE-SHEAR_PIVOT_CARRIER_SECONDARY_LUG_TI,SOURCE-EXACT DOUBLE-SHEAR PIVOT CARRIER SECONDARY LUG,B,MAKE,STINGRAY custom,3,3,Ti-6Al-4V,ASTM B600 clean/passivate; drawing-controlled surface finish,0.0013531087490951286,EXACT_ANALYTIC,,,5-axis mill; ream pivot; machine stop-land bore; weld to transition-ring land; CMM inspect,Exact source positive-Y lug and all source bores retained; the two carrier lugs are structurally tied by the transition ring and retained pivot pin.,DIGITAL DEFINITION PRESENT; RELEASE QUALIFICATION NOT ESTABLISHED
DF8-SHORT14-PULL-TAB-KEEPER-001,LOW-FORCE_PULL-TAB_SNAG_KEEPER,LOW-FORCE PULL-TAB SNAG KEEPER,A,MAKE,STINGRAY custom,1,1,Cordura and low-force hook-and-loop,Per controlled drawing,0.01,EXACT_ANALYTIC,,,Bound frame; calibrated breakaway stitch; Heat/lot CoC; drawing tolerances; deburr; clean; final dimensional inspection,,DIGITAL DEFINITION PRESENT; RELEASE QUALIFICATION NOT ESTABLISHED
DF8-SHORT14-RECOVERY-HARDPOINT-RING-001,LOW-PROFILE_STRUCTURAL_RECOVERY_HARDPOINT_RING_WITH_DOUBLE-SHEAR_YOKE_TI,LOW-PROFILE STRUCTURAL RECOVERY HARDPOINT RING WITH DOUBLE-SHEAR YOKE,A,MAKE,STINGRAY custom,1,1,Ti-6Al-4V,ASTM B600 clean/passivate; drawing-controlled surface finish,0.03021004481956056,EXACT_ANALYTIC,,,5-axis mill from forged ring; ream yoke; weld to shell and three longerons; proof load; Ti-6Al-4V Grade 5 certified product form; heat/lot CoC; qualified argon-purged WPS where welded; PT after welding; alpha-case removal; galvanic isolation; CMM final inspection,"Ultimate recovery load bypasses Cordura, hook-and-loop, pack seams and inflator patch.",DIGITAL DEFINITION PRESENT; RELEASE QUALIFICATION NOT ESTABLISHED
DF8-SHORT14-STOW-DOG-GUIDE-001,SHORTENED-ARM_STOW-DOG_GUIDE_WITH_TERMINATION-RING_WELD_TONGUE_SS,SHORTENED-ARM STOW-DOG GUIDE WITH TERMINATION-RING WELD TONGUE,A,MAKE,STINGRAY custom,3,3,17-4PH stainless steel,ASTM A967 passivated; critical bearing surfaces ground,0.000530677401823469,EXACT_ANALYTIC,,,5-axis mill; qualified permanent weld to termination-ring land,,DIGITAL DEFINITION PRESENT; RELEASE QUALIFICATION NOT ESTABLISHED
DF8-SHORT14-TETHER-EXIT-CHAFE-SLEEVE-001,STRUCTURAL_TETHER_EXIT_CHAFE_SLEEVE_TPU,STRUCTURAL TETHER EXIT CHAFE SLEEVE,A,MAKE,STINGRAY custom,1,1,TPU-coated HMPE tubular webbing,"Chafe-protected, heat-sealed and clean",0.012,EXACT_ANALYTIC,,,Cut to controlled length; capture at body thimble; abrasion and wet-cycling proof; Controlled rope construction and raw-lot CoC; finished length tolerance; occurrence-specific eye/thimble/ferrule traveler; splice or swage dimensional inspection; finished-article proof load,Replaceable sleeve guards the HMPE line at the rounded shell exit; it does not carry the ultimate recovery load.,DIGITAL DEFINITION PRESENT; RELEASE QUALIFICATION NOT ESTABLISHED
DF8-SHORT14-WATER-ENTRY-MESH-001,REINFORCED_OPEN-MESH_WATER-ENTRY_WINDOW_AND_DRAIN,REINFORCED OPEN-MESH WATER-ENTRY WINDOW AND DRAIN,A,MAKE,STINGRAY custom,1,1,Polyester open mesh with Cordura frame,Per controlled drawing,0.012,EXACT_ANALYTIC,,,Laser cut frame; bind mesh; stitch to window perimeter; Heat/lot CoC; drawing tolerances; deburr; clean; final dimensional inspection,Direct open area exposes the automatic water-sensitive element while the wrap remains closed.,DIGITAL DEFINITION PRESENT; RELEASE QUALIFICATION NOT ESTABLISHED
GS-19-50-V4A-B8-B8,ACE_Gas_Spring_GS-19-50-V4A-B8-B8,ACE GS-19-50-V4A-B8-B8 PURCHASED ASSEMBLY — ONE-SOLID ARTICULATED INSTALLATION BODY,SHORT14-INSTALL-B,BUY,ACE Controls,1,1,AISI 316L / 316Ti stainless catalog assembly,,0.124,DRAWING_DERIVED,https://www.acecontrols.com/us/products/motion-control/industrial-gas-springs-push-type/gs-8-v4a-to-gs-40-va/gs-19-v4a.html,https://www.acecontrols.com/us/calculations/gas-spring-configurator.html,; drawing-derived body end shoulder restored inside the controlled catalog envelope,"Configured GS-19-50-V4A-B8-B8, 50 mm stroke, 164.1 mm extended length, 7.9 mm rod and 300±30 N setting. The controlled ACE STEP ITEM_020_ACE_GS_19_50_V4A_B8_B8_VENDOR.stp is the dimensional/interface verification source; this separated body/rod BREP is a drawing-derived articulated installation representation. Occurrence mass allocation is 0.124 kg body + 0.020 kg rod = 0.144 kg catalog assembly total. The previously separated end-neck proxy topology is joined by a bounded end shoulder; catalog interfaces, overall envelope, fixed/moving orientation, stroke and allocated mass are unchanged.",DIGITAL DEFINITION PRESENT; RELEASE QUALIFICATION NOT ESTABLISHED
GS-19-50-V4A-B8-B8-ROD-CHILD,ACE_Gas_Spring_Rod_GS-19-50-V4A-B8-B8,ACE GS-19 MOVING ROD ARTICULATION CHILD,R2-INSTALL,BUY,ACE Controls,1,1,AISI 316L / 316Ti stainless catalog assembly,,0.02,DRAWING_DERIVED,https://www.acecontrols.com/us/products/motion-control/industrial-gas-springs-push-type/gs-8-v4a-to-gs-40-va/gs-19-v4a.html,https://www.acecontrols.com/us/calculations/gas-spring-configurator.html,,Included articulation child of the configured GS-19 purchased assembly; no separate purchase quantity. Occurrence-level mass allocation reconciles with the 0.144 kg parent assembly. Drawing-derived child verified against the controlled ACE STEP.,DIGITAL DEFINITION PRESENT; RELEASE QUALIFICATION NOT ESTABLISHED
HALKEY-ROBERTS-HYDRO-1F-V95000XXB_PROXY,Nordson_HALKEY-ROBERTS-HYDRO-1F-V95000XXB_PROXY,HALKEY-ROBERTS HYDRO 1F AUTOMATIC/MANUAL INFLATOR DIMENSION-CONTROLLED PROXY,A,BUY,Nordson MEDICAL / Halkey-Roberts,1,1,Acetal and stainless commercial inflator assembly,,0.18,DIMENSION_CONTROLLED_PROXY,https://fluid-components.nordsonmedical.com/files/fluid-components-nordsonmedical-com/Technical%20Information/HRC/Hyrdo-1F-Manual-Automatic-Inflator-Drawing-V95000xxB.pdf,,Incoming identity and interface inspection,Commercial interfaces and external service envelope preserved; internals are not invented. Exact vendor CAD and buoy-volume compatibility remain physical acceptance gates.,NON-RELEASE - EXACT VENDOR GEOMETRY/RATED APPLICATION NOT CONTROLLED
HBD-15-25-AA-P,ACE_Hydraulic_Damper_HBD-15-25-AA-P,ACE HBD-15-25-AA-P PURCHASED ASSEMBLY — ONE-SOLID ARTICULATED INSTALLATION BODY,SHORT14-INSTALL-B,BUY,ACE Controls,1,1,Black-anodized aluminum body / hard-chrome steel rod / zinc-plated steel AA-P fittings,,0.19,DRAWING_DERIVED,https://www.acecontrols.com/us/products/motion-control/hydraulic-dampers/hbd-15-to-hbd-40/hbd-15/hbd-15-25.html,https://www.acecontrols.com/us/products/motion-control/hydraulic-dampers/hbd-15-to-hbd-40/hbd-15/hbd-15-25.html,; drawing-derived body end shoulder restored inside the controlled catalog envelope,"Configured HBD-15-25-AA-P, 24.9 mm stroke, 145.0 mm extended length, 15 mm body and 6.1 mm rod. The controlled ACE source ACE_HBD_15_25_AA_P_DRAWING_DERIVED_NOT_VENDOR_CAD_AP242.step verifies the configured envelope/interfaces; this separated body/rod BREP is a drawing-derived articulated installation representation. External travel stops limit motion 1.0-1.5 mm before stroke ends. Occurrence mass allocation is 0.190 kg body + 0.030 kg rod = 0.220 kg catalog assembly total. The previously separated end-neck proxy topology is joined by a bounded end shoulder; catalog interfaces, overall envelope, fixed/moving orientation, stroke and allocated mass are unchanged.",DIGITAL DEFINITION PRESENT; RELEASE QUALIFICATION NOT ESTABLISHED
HBD-15-25-AA-P-ROD-CHILD,ACE_Hydraulic_Damper_Rod_HBD-15-25-AA-P,HBD MOVING ROD ARTICULATION CHILD,R2-INSTALL,BUY,ACE Controls,1,1,Hard-chrome steel rod with zinc-plated steel AA-P fitting,,0.03,DRAWING_DERIVED,https://www.acecontrols.com/us/products/motion-control/hydraulic-dampers/hbd-15-to-hbd-40/hbd-15/hbd-15-25.html,https://www.acecontrols.com/us/products/motion-control/hydraulic-dampers/hbd-15-to-hbd-40/hbd-15/hbd-15-25.html,,Included articulation child of the configured HBD purchased assembly; no separate purchase quantity. Occurrence-level mass allocation reconciles with the 0.220 kg parent assembly. Drawing-derived child verified against the controlled ACE source.,DIGITAL DEFINITION PRESENT; RELEASE QUALIFICATION NOT ESTABLISHED
HDP-3-8-A1,Accu_HDP-3-8-A1,"3 MM X 8 MM DOWEL PIN, DIN 7, M6 TOLERANCE",ACCU-CATALOG,BUY,Accu,6,6,316 stainless steel,Natural stainless; passivate after acceptance if required by drawing,0.00047,DRAWING_DERIVED,https://www.accu.co.uk/dowel-pins/72653-HDP-3-8-A1,https://www.accu.co.uk/dowel-pins/72653-HDP-3-8-A1,"Accu catalog DIN 7 precision pin; incoming CoC, diameter and straightness inspection",Official Accu product identity and nominal dimensions verified 2026-08-22; Official mass 47 g per 100; diameter tolerance +0.002/+0.008 mm and 0.45 mm radius length.,DIGITAL DEFINITION PRESENT; RELEASE QUALIFICATION NOT ESTABLISHED
HTP-3-30-A1,Accu_HTP-3-30-A1,"3 MM X 30 MM TAPER PIN, DIN 1B",ACCU-CATALOG,BUY,Accu,1,1,316 stainless steel,Natural stainless; passivate after acceptance if required by drawing,0.002032641862799132,DRAWING_DERIVED,https://www.accu.co.uk/taper-pins/389498-HTP-3-30-A1,https://www.accu.co.uk/taper-pins/389498-HTP-3-30-A1,Accu catalog DIN 1B taper pin; incoming CoC and blue-fit inspection in the occurrence-matched reamed bore,"Official Accu product identity and nominal dimensions verified 2026-08-22; Nominal 3.0 mm small diameter, 3.6 mm large diameter and 30 mm length; mass from exact nominal B-rep at 7.90 g/cm3.",DIGITAL DEFINITION PRESENT; RELEASE QUALIFICATION NOT ESTABLISHED
LELAND-81121,Leland_CO2_Cartridge_81121,LELAND 81121 12 G CO2 CARTRIDGE,A,BUY,Leland Gas Technologies,1,1,Steel pressure cartridge,,0.045,DRAWING_DERIVED,https://www.lelandgas.com/product-page/81121-cartridge-small-x-xml-x-xxg-gas,https://www.lelandgas.com/product-page/81121-cartridge-small-x-xml-x-xxg-gas,,"Incoming acceptance: 12 g CO2, 0.735 in body diameter, 3.250 in overall length, 3/8-24 neck, lot traceability and CoC; occurrence-matched puncture-head thread and pre-puncture clearance are inspected.",DIGITAL DEFINITION PRESENT; RELEASE QUALIFICATION NOT ESTABLISHED
ROTOR-CLIP-DC-4SS,Rotor_Clip_Retaining_Ring_DC-4SS,ROTOR CLIP DC-4SS CRESCENT RETAINING RING FOR 4 MM SHAFT,A,BUY,Rotor Clip,6,6,PH 15-7 Mo stainless spring steel,,2.94216e-05,DRAWING_DERIVED,https://www.rotorclip.com/product/dc-4/,https://www.rotorclip.com/product/dc-4/,"Catalog DC-4SS crescent ring; verify 4 mm shaft application, 3.13-3.20 mm groove diameter, 0.44 mm groove width, 0.35-0.40 mm ring thickness, 5 mm OD and material certification",Explicit occurrence mass is the 3.7479745 mm3 authored envelope at 7.85e-6 kg/mm3; incoming lot mass and material are verified.,DIGITAL DEFINITION PRESENT; RELEASE QUALIFICATION NOT ESTABLISHED
SSCA-M3-8-A4-BL,Accu_SSCA-M3-8-A4-BL,"M3 X 8 CAPTIVE SOCKET CAP SCREW, DIN 912",ACCU-CATALOG,BUY,Accu,12,12,A4-80 stainless steel,Matte-black A4 stainless; verify coating compatibility for submerged service,0.0008,DRAWING_DERIVED,https://www.accu.co.uk/cap-head-captive-screws/779966-SSCA-M3-8-A4-BL,https://www.accu.co.uk/cap-head-captive-screws/779966-SSCA-M3-8-A4-BL,"Accu catalog captive fastener; incoming CoC, captive-neck and dimensional inspection",Official Accu product identity and nominal dimensions verified 2026-08-22; Official mass 80 g per 100; 2.2 mm captive diameter x 5 mm captive length and 3 mm M3 threaded end.,DIGITAL DEFINITION PRESENT; RELEASE QUALIFICATION NOT ESTABLISHED
SSCF-M3-10-A4,Accu_SSCF-M3-10-A4,"M3 X 10 FULL-THREAD SOCKET CAP SCREW, DIN 912 / ISO 4762",ACCU-CATALOG,BUY,Accu,2,2,A4-80 stainless steel,Natural A4 stainless; clean for submerged service,0.00088,DRAWING_DERIVED,https://www.accu.co.uk/us/socket-cap-head-screws/3975-SSCF-M3-10-A4,https://www.accu.co.uk/us/socket-cap-head-screws/3975-SSCF-M3-10-A4,Accu catalog cold-formed/rolled-thread fastener; incoming CoC and dimensional inspection,"Official Accu product identity and nominal dimensions verified 2026-08-22; Official mass 88 g per 100; M3 x 0.5, 5.5 mm head diameter, 3.0 mm head height.",DIGITAL DEFINITION PRESENT; RELEASE QUALIFICATION NOT ESTABLISHED
SSCL-M4-8-A4,Accu_SSCL-M4-8-A4,"M4 X 8 FULL-THREAD LOW-HEAD SOCKET CAP SCREW, DIN 7984",ACCU-CATALOG,BUY,Accu,1,1,A4-80 stainless steel,Natural A4 stainless; clean for submerged service,0.00112,DRAWING_DERIVED,https://www.accu.co.uk/low-head-cap-screws/8885-SSCL-M4-8-A4,https://www.accu.co.uk/low-head-cap-screws/8885-SSCL-M4-8-A4,Accu catalog DIN 7984 fastener; incoming CoC and dimensional inspection,"Official Accu product identity and nominal dimensions verified 2026-08-22; Official mass 112 g per 100; M4 x 0.7, 7.0 mm head diameter, 2.8 mm head height.",DIGITAL DEFINITION PRESENT; RELEASE QUALIFICATION NOT ESTABLISHED
V80040,Halkey_Roberts_Water_Bobbin_V80040,HALKEY-ROBERTS WATER-SENSITIVE BOBBIN,A,BUY,Nordson MEDICAL / Halkey-Roberts,1,1,Water-sensitive media,,0.00169646,DRAWING_DERIVED,https://fluid-components.nordsonmedical.com/files/fluid-components-nordsonmedical-com/Technical%20Information/HRC/Hyrdo-1F-Manual-Automatic-Inflator-V80040-Bobbin-Instructions-For-Use.pdf,https://fluid-components.nordsonmedical.com/Resources/Orders/,,"Exact V80040 identity; controlled incoming inspection verifies the 10 mm diameter by 18 mm modeled service envelope, lot traceability, and current Nordson/Halkey-Roberts IFU revision.",DIGITAL DEFINITION PRESENT; RELEASE QUALIFICATION NOT ESTABLISHED
