audit_elapsed_seconds,broad_phase_solid_candidates,classification,exact_common_volume_mm3,name_a,name_b,occurrence_a,occurrence_b,state,status
0.007101,1,NO_POSITIVE_COMMON_VOLUME,0.000000000,ARM_1,LINK_1,WP02-001,WP02-004,STOWED,PASS
0.006425,1,NO_POSITIVE_COMMON_VOLUME,0.000000000,ARM_1,ARM_PIVOT_PIN_SET,WP02-001,WP02-009,STOWED,PASS
0.006815,1,NO_POSITIVE_COMMON_VOLUME,0.000000000,ARM_1,ARM_LINK_PIN_SET,WP02-001,WP02-010,STOWED,PASS
0.004141,1,NO_POSITIVE_COMMON_VOLUME,0.000000000,ARM_1,COVER_SEQUENCED_ARM_STOW_LATCH_SET,WP02-001,WP02-034,STOWED,PASS
0.001602,1,NO_POSITIVE_COMMON_VOLUME,0.000000000,LINK_1,ARM_PIVOT_PIN_SET,WP02-004,WP02-009,STOWED,PASS
0.003056,1,NO_POSITIVE_COMMON_VOLUME,0.000000000,LINK_1,ARM_LINK_PIN_SET,WP02-004,WP02-010,STOWED,PASS
0.003717,1,NO_POSITIVE_COMMON_VOLUME,0.000000000,LINK_1,CROSSHEAD_LINK_PIN_SET,WP02-004,WP02-011,STOWED,PASS
0.011204,1,NO_POSITIVE_COMMON_VOLUME,0.000000000,ARM_2,LINK_2,WP02-002,WP02-005,STOWED,PASS
0.014670,2,NO_POSITIVE_COMMON_VOLUME,0.000000000,ARM_2,PIVOT_BUSHING_SET,WP02-002,WP02-008,STOWED,PASS
0.008133,1,NO_POSITIVE_COMMON_VOLUME,0.000000000,ARM_2,ARM_PIVOT_PIN_SET,WP02-002,WP02-009,STOWED,PASS
0.009928,1,NO_POSITIVE_COMMON_VOLUME,0.000000000,ARM_2,ARM_LINK_PIN_SET,WP02-002,WP02-010,STOWED,PASS
0.011626,2,NO_POSITIVE_COMMON_VOLUME,0.000000000,ARM_2,VSM6_RETENTION_RING_SET,WP02-002,WP02-012,STOWED,PASS
0.007778,2,NO_POSITIVE_COMMON_VOLUME,0.000000000,ARM_2,POWERTRAIN_CARTRIDGE_SPINE,WP02-002,WP02-013,STOWED,PASS
0.233576,1,NO_POSITIVE_COMMON_VOLUME,0.000000000,ARM_2,BACKUP_SPRING_LHL625D12,WP02-002,WP02-025,STOWED,PASS
0.004706,1,NO_POSITIVE_COMMON_VOLUME,0.000000000,ARM_2,BACKUP_SPRING_FIXED_REACTION_SEAT,WP02-002,WP02-026,STOWED,PASS
0.003622,1,NO_POSITIVE_COMMON_VOLUME,0.000000000,ARM_2,BACKUP_SPRING_MOVING_SEAT,WP02-002,WP02-027,STOWED,PASS
0.012592,3,NO_POSITIVE_COMMON_VOLUME,0.000000000,ARM_2,POSITIVE_LOCK_HOUSING_SET,WP02-002,WP02-030,STOWED,PASS
0.003573,1,NO_POSITIVE_COMMON_VOLUME,0.000000000,ARM_2,POSITIVE_LOCK_PLUNGER_AND_WITNESS_SET,WP02-002,WP02-031,STOWED,PASS
0.005916,1,NO_POSITIVE_COMMON_VOLUME,0.000000000,ARM_2,COVER_SEQUENCED_ARM_STOW_LATCH_SET,WP02-002,WP02-034,STOWED,PASS
0.009056,2,NO_POSITIVE_COMMON_VOLUME,0.000000000,LINK_2,COMMON_CROSSHEAD,WP02-005,WP02-007,STOWED,PASS
0.001940,1,NO_POSITIVE_COMMON_VOLUME,0.000000000,LINK_2,PIVOT_BUSHING_SET,WP02-005,WP02-008,STOWED,PASS
0.001964,1,NO_POSITIVE_COMMON_VOLUME,0.000000000,LINK_2,ARM_PIVOT_PIN_SET,WP02-005,WP02-009,STOWED,PASS
0.003393,1,NO_POSITIVE_COMMON_VOLUME,0.000000000,LINK_2,ARM_LINK_PIN_SET,WP02-005,WP02-010,STOWED,PASS
0.002903,1,NO_POSITIVE_COMMON_VOLUME,0.000000000,LINK_2,CROSSHEAD_LINK_PIN_SET,WP02-005,WP02-011,STOWED,PASS
0.001515,1,NO_POSITIVE_COMMON_VOLUME,0.000000000,LINK_2,VSM6_RETENTION_RING_SET,WP02-005,WP02-012,STOWED,PASS
0.001991,1,NO_POSITIVE_COMMON_VOLUME,0.000000000,LINK_2,DEPLOYED_STOP_PAD_SET,WP02-005,WP02-029,STOWED,PASS
0.004151,2,NO_POSITIVE_COMMON_VOLUME,0.000000000,LINK_2,POSITIVE_LOCK_HOUSING_SET,WP02-005,WP02-030,STOWED,PASS
0.010235,1,NO_POSITIVE_COMMON_VOLUME,0.000000000,ARM_3,LINK_3,WP02-003,WP02-006,STOWED,PASS
0.012350,2,NO_POSITIVE_COMMON_VOLUME,0.000000000,ARM_3,PIVOT_BUSHING_SET,WP02-003,WP02-008,STOWED,PASS
0.007725,1,NO_POSITIVE_COMMON_VOLUME,0.000000000,ARM_3,ARM_PIVOT_PIN_SET,WP02-003,WP02-009,STOWED,PASS
0.009004,1,NO_POSITIVE_COMMON_VOLUME,0.000000000,ARM_3,ARM_LINK_PIN_SET,WP02-003,WP02-010,STOWED,PASS
0.012209,2,NO_POSITIVE_COMMON_VOLUME,0.000000000,ARM_3,VSM6_RETENTION_RING_SET,WP02-003,WP02-012,STOWED,PASS
0.007740,2,NO_POSITIVE_COMMON_VOLUME,0.000000000,ARM_3,POWERTRAIN_CARTRIDGE_SPINE,WP02-003,WP02-013,STOWED,PASS
0.012743,3,NO_POSITIVE_COMMON_VOLUME,0.000000000,ARM_3,POSITIVE_LOCK_HOUSING_SET,WP02-003,WP02-030,STOWED,PASS
0.003752,1,NO_POSITIVE_COMMON_VOLUME,0.000000000,ARM_3,POSITIVE_LOCK_PLUNGER_AND_WITNESS_SET,WP02-003,WP02-031,STOWED,PASS
0.006367,1,NO_POSITIVE_COMMON_VOLUME,0.000000000,ARM_3,COVER_SEQUENCED_ARM_STOW_LATCH_SET,WP02-003,WP02-034,STOWED,PASS
0.010543,2,NO_POSITIVE_COMMON_VOLUME,0.000000000,LINK_3,COMMON_CROSSHEAD,WP02-006,WP02-007,STOWED,PASS
0.002478,1,NO_POSITIVE_COMMON_VOLUME,0.000000000,LINK_3,PIVOT_BUSHING_SET,WP02-006,WP02-008,STOWED,PASS
0.002893,1,NO_POSITIVE_COMMON_VOLUME,0.000000000,LINK_3,ARM_PIVOT_PIN_SET,WP02-006,WP02-009,STOWED,PASS
0.002864,1,NO_POSITIVE_COMMON_VOLUME,0.000000000,LINK_3,ARM_LINK_PIN_SET,WP02-006,WP02-010,STOWED,PASS
0.002936,1,NO_POSITIVE_COMMON_VOLUME,0.000000000,LINK_3,CROSSHEAD_LINK_PIN_SET,WP02-006,WP02-011,STOWED,PASS
0.003855,2,NO_POSITIVE_COMMON_VOLUME,0.000000000,LINK_3,VSM6_RETENTION_RING_SET,WP02-006,WP02-012,STOWED,PASS
0.002408,1,NO_POSITIVE_COMMON_VOLUME,0.000000000,LINK_3,DEPLOYED_STOP_PAD_SET,WP02-006,WP02-029,STOWED,PASS
0.003047,2,NO_POSITIVE_COMMON_VOLUME,0.000000000,LINK_3,POSITIVE_LOCK_HOUSING_SET,WP02-006,WP02-030,STOWED,PASS
0.001467,1,NO_POSITIVE_COMMON_VOLUME,0.000000000,LINK_3,POSITIVE_LOCK_PLUNGER_AND_WITNESS_SET,WP02-006,WP02-031,STOWED,PASS
0.024858,6,NO_POSITIVE_COMMON_VOLUME,0.000000000,COMMON_CROSSHEAD,CROSSHEAD_LINK_PIN_SET,WP02-007,WP02-011,STOWED,PASS
0.009061,2,NO_POSITIVE_COMMON_VOLUME,0.000000000,COMMON_CROSSHEAD,VSM6_RETENTION_RING_SET,WP02-007,WP02-012,STOWED,PASS
0.030079,3,NO_POSITIVE_COMMON_VOLUME,0.000000000,COMMON_CROSSHEAD,POWERTRAIN_CARTRIDGE_SPINE,WP02-007,WP02-013,STOWED,PASS
0.043924,4,NO_POSITIVE_COMMON_VOLUME,0.000000000,COMMON_CROSSHEAD,CROSSHEAD_GUIDE_ROD_SET,WP02-007,WP02-014,STOWED,PASS
0.030958,1,NO_POSITIVE_COMMON_VOLUME,0.000000000,COMMON_CROSSHEAD,GS19_MOVING_ADAPTER,WP02-007,WP02-018,STOWED,PASS
0.004050,2,NO_POSITIVE_COMMON_VOLUME,0.000000000,COMMON_CROSSHEAD,HBD15_ROD_DRAWING_DERIVED,WP02-007,WP02-020,STOWED,PASS
0.034508,11,NO_POSITIVE_COMMON_VOLUME,0.000000000,COMMON_CROSSHEAD,HBD_MOVING_LOST_MOTION_COUPLER,WP02-007,WP02-021,STOWED,PASS
0.001709,1,NO_POSITIVE_COMMON_VOLUME,0.000000000,COMMON_CROSSHEAD,BACKUP_SPRING_GUIDE_PUSHROD,WP02-007,WP02-028,STOWED,PASS
0.004568,1,NO_POSITIVE_COMMON_VOLUME,0.000000000,COMMON_CROSSHEAD,CROSSHEAD_SEAR,WP02-007,WP02-032,STOWED,PASS
0.148120,7,NO_POSITIVE_COMMON_VOLUME,0.000000000,COMMON_CROSSHEAD,CROSSHEAD_SEAR_HOUSING,WP02-007,WP02-033,STOWED,PASS
0.013729,6,NO_POSITIVE_COMMON_VOLUME,0.000000000,PIVOT_BUSHING_SET,ARM_PIVOT_PIN_SET,WP02-008,WP02-009,STOWED,PASS
0.004371,2,NO_POSITIVE_COMMON_VOLUME,0.000000000,PIVOT_BUSHING_SET,VSM6_RETENTION_RING_SET,WP02-008,WP02-012,STOWED,PASS
0.002799,4,NO_POSITIVE_COMMON_VOLUME,0.000000000,PIVOT_BUSHING_SET,POSITIVE_LOCK_HOUSING_SET,WP02-008,WP02-030,STOWED,PASS
0.000568,1,NO_POSITIVE_COMMON_VOLUME,0.000000000,PIVOT_BUSHING_SET,POSITIVE_LOCK_PLUNGER_AND_WITNESS_SET,WP02-008,WP02-031,STOWED,PASS
0.009346,3,NO_POSITIVE_COMMON_VOLUME,0.000000000,ARM_PIVOT_PIN_SET,VSM6_RETENTION_RING_SET,WP02-009,WP02-012,STOWED,PASS
0.006021,6,NO_POSITIVE_COMMON_VOLUME,0.000000000,ARM_PIVOT_PIN_SET,POSITIVE_LOCK_HOUSING_SET,WP02-009,WP02-030,STOWED,PASS
0.000890,1,NO_POSITIVE_COMMON_VOLUME,0.000000000,ARM_PIVOT_PIN_SET,POSITIVE_LOCK_PLUNGER_AND_WITNESS_SET,WP02-009,WP02-031,STOWED,PASS
0.009173,3,NO_POSITIVE_COMMON_VOLUME,0.000000000,ARM_LINK_PIN_SET,VSM6_RETENTION_RING_SET,WP02-010,WP02-012,STOWED,PASS
0.009035,3,NO_POSITIVE_COMMON_VOLUME,0.000000000,CROSSHEAD_LINK_PIN_SET,VSM6_RETENTION_RING_SET,WP02-011,WP02-012,STOWED,PASS
0.004745,3,NO_POSITIVE_COMMON_VOLUME,0.000000000,POWERTRAIN_CARTRIDGE_SPINE,CROSSHEAD_GUIDE_ROD_SET,WP02-013,WP02-014,STOWED,PASS
2.049732,3,NO_POSITIVE_COMMON_VOLUME,0.000000000,POWERTRAIN_CARTRIDGE_SPINE,BACKUP_SPRING_LHL625D12,WP02-013,WP02-025,STOWED,PASS
0.013906,6,NO_POSITIVE_COMMON_VOLUME,0.000000000,POWERTRAIN_CARTRIDGE_SPINE,BACKUP_SPRING_FIXED_REACTION_SEAT,WP02-013,WP02-026,STOWED,PASS
0.002810,2,NO_POSITIVE_COMMON_VOLUME,0.000000000,POWERTRAIN_CARTRIDGE_SPINE,BACKUP_SPRING_GUIDE_PUSHROD,WP02-013,WP02-028,STOWED,PASS
0.045350,4,NO_POSITIVE_COMMON_VOLUME,0.000000000,CROSSHEAD_GUIDE_ROD_SET,CROSSHEAD_SEAR_HOUSING,WP02-014,WP02-033,STOWED,PASS
0.006236,1,INTENTIONAL_INTERNAL_COTS_TELESCOPING_REPRESENTATION,2221.856389980,GS19_FIXED_BODY_EXACT_VENDOR_BREP,GS19_MOVING_ROD_EXACT_VENDOR_BREP,WP02-015,WP02-016,STOWED,ACCEPTED_REPRESENTATION_LIMITATION
0.007711,1,NO_POSITIVE_COMMON_VOLUME,0.000000000,GS19_FIXED_BODY_EXACT_VENDOR_BREP,GS19_FIXED_ANCHOR,WP02-015,WP02-017,STOWED,PASS
0.002691,1,NO_POSITIVE_COMMON_VOLUME,0.000000000,GS19_FIXED_BODY_EXACT_VENDOR_BREP,BACKUP_SPRING_GUIDE_PUSHROD,WP02-015,WP02-028,STOWED,PASS
0.002273,1,NO_POSITIVE_COMMON_VOLUME,0.000000000,GS19_MOVING_ROD_EXACT_VENDOR_BREP,GS19_MOVING_ADAPTER,WP02-016,WP02-018,STOWED,PASS
0.000950,1,NO_POSITIVE_COMMON_VOLUME,0.000000000,GS19_FIXED_ANCHOR,BACKUP_SPRING_GUIDE_PUSHROD,WP02-017,WP02-028,STOWED,PASS
0.012670,1,INTENTIONAL_INTERNAL_COTS_TELESCOPING_REPRESENTATION,318.086256176,HBD15_BODY_DRAWING_DERIVED,HBD15_ROD_DRAWING_DERIVED,WP02-019,WP02-020,STOWED,ACCEPTED_REPRESENTATION_LIMITATION
0.003551,3,NO_POSITIVE_COMMON_VOLUME,0.000000000,HBD15_BODY_DRAWING_DERIVED,HBD_CAPTIVE_BYPASS_CARRIAGE,WP02-019,WP02-022,STOWED,PASS
0.003398,2,NO_POSITIVE_COMMON_VOLUME,0.000000000,HBD15_BODY_DRAWING_DERIVED,HBD_BYPASS_RAIL_AND_SHOULDER_SET,WP02-019,WP02-023,STOWED,PASS
0.001302,1,NO_POSITIVE_COMMON_VOLUME,0.000000000,HBD15_BODY_DRAWING_DERIVED,BACKUP_SPRING_GUIDE_PUSHROD,WP02-019,WP02-028,STOWED,PASS
0.005604,4,NO_POSITIVE_COMMON_VOLUME,0.000000000,HBD15_ROD_DRAWING_DERIVED,HBD_MOVING_LOST_MOTION_COUPLER,WP02-020,WP02-021,STOWED,PASS
0.003601,2,NO_POSITIVE_COMMON_VOLUME,0.000000000,HBD_CAPTIVE_BYPASS_CARRIAGE,HBD_BYPASS_RAIL_AND_SHOULDER_SET,WP02-022,WP02-023,STOWED,PASS
0.001880,2,NO_POSITIVE_COMMON_VOLUME,0.000000000,HBD_BYPASS_RAIL_AND_SHOULDER_SET,BACKUP_SPRING_GUIDE_PUSHROD,WP02-023,WP02-028,STOWED,PASS
0.613931,1,NO_POSITIVE_COMMON_VOLUME,0.000000000,BACKUP_SPRING_LHL625D12,BACKUP_SPRING_FIXED_REACTION_SEAT,WP02-025,WP02-026,STOWED,PASS
0.003407,2,NO_POSITIVE_COMMON_VOLUME,0.000000000,BACKUP_SPRING_MOVING_SEAT,BACKUP_SPRING_GUIDE_PUSHROD,WP02-027,WP02-028,STOWED,PASS
0.007182,5,NO_POSITIVE_COMMON_VOLUME,0.000000000,POSITIVE_LOCK_HOUSING_SET,POSITIVE_LOCK_PLUNGER_AND_WITNESS_SET,WP02-030,WP02-031,STOWED,PASS
0.012420,2,NO_POSITIVE_COMMON_VOLUME,0.000000000,CROSSHEAD_SEAR,CROSSHEAD_SEAR_HOUSING,WP02-032,WP02-033,STOWED,PASS
0.006775,1,NO_POSITIVE_COMMON_VOLUME,0.000000000,ARM_1,LINK_1,WP02-001,WP02-004,DEPLOYED,PASS
0.006377,1,NO_POSITIVE_COMMON_VOLUME,0.000000000,ARM_1,ARM_PIVOT_PIN_SET,WP02-001,WP02-009,DEPLOYED,PASS
0.006681,1,NO_POSITIVE_COMMON_VOLUME,0.000000000,ARM_1,ARM_LINK_PIN_SET,WP02-001,WP02-010,DEPLOYED,PASS
0.004740,1,NO_POSITIVE_COMMON_VOLUME,0.000000000,ARM_1,POSITIVE_LOCK_HOUSING_SET,WP02-001,WP02-030,DEPLOYED,PASS
0.007136,1,NO_POSITIVE_COMMON_VOLUME,0.000000000,ARM_1,POSITIVE_LOCK_PLUNGER_AND_WITNESS_SET,WP02-001,WP02-031,DEPLOYED,PASS
0.001620,1,NO_POSITIVE_COMMON_VOLUME,0.000000000,LINK_1,ARM_PIVOT_PIN_SET,WP02-004,WP02-009,DEPLOYED,PASS
0.002532,1,NO_POSITIVE_COMMON_VOLUME,0.000000000,LINK_1,ARM_LINK_PIN_SET,WP02-004,WP02-010,DEPLOYED,PASS
0.002512,1,NO_POSITIVE_COMMON_VOLUME,0.000000000,LINK_1,CROSSHEAD_LINK_PIN_SET,WP02-004,WP02-011,DEPLOYED,PASS
0.002458,1,NO_POSITIVE_COMMON_VOLUME,0.000000000,LINK_1,POSITIVE_LOCK_HOUSING_SET,WP02-004,WP02-030,DEPLOYED,PASS
0.001444,1,NO_POSITIVE_COMMON_VOLUME,0.000000000,LINK_1,POSITIVE_LOCK_PLUNGER_AND_WITNESS_SET,WP02-004,WP02-031,DEPLOYED,PASS
0.009457,1,NO_POSITIVE_COMMON_VOLUME,0.000000000,ARM_2,LINK_2,WP02-002,WP02-005,DEPLOYED,PASS
0.011729,2,NO_POSITIVE_COMMON_VOLUME,0.000000000,ARM_2,PIVOT_BUSHING_SET,WP02-002,WP02-008,DEPLOYED,PASS
0.007076,1,NO_POSITIVE_COMMON_VOLUME,0.000000000,ARM_2,ARM_PIVOT_PIN_SET,WP02-002,WP02-009,DEPLOYED,PASS
0.009352,1,NO_POSITIVE_COMMON_VOLUME,0.000000000,ARM_2,ARM_LINK_PIN_SET,WP02-002,WP02-010,DEPLOYED,PASS
0.012633,2,NO_POSITIVE_COMMON_VOLUME,0.000000000,ARM_2,VSM6_RETENTION_RING_SET,WP02-002,WP02-012,DEPLOYED,PASS
0.018739,3,NO_POSITIVE_COMMON_VOLUME,0.000000000,ARM_2,POSITIVE_LOCK_HOUSING_SET,WP02-002,WP02-030,DEPLOYED,PASS
0.013275,2,NO_POSITIVE_COMMON_VOLUME,0.000000000,ARM_2,POSITIVE_LOCK_PLUNGER_AND_WITNESS_SET,WP02-002,WP02-031,DEPLOYED,PASS
0.007253,2,NO_POSITIVE_COMMON_VOLUME,0.000000000,LINK_2,COMMON_CROSSHEAD,WP02-005,WP02-007,DEPLOYED,PASS
0.001777,1,NO_POSITIVE_COMMON_VOLUME,0.000000000,LINK_2,ARM_PIVOT_PIN_SET,WP02-005,WP02-009,DEPLOYED,PASS
0.002596,1,NO_POSITIVE_COMMON_VOLUME,0.000000000,LINK_2,ARM_LINK_PIN_SET,WP02-005,WP02-010,DEPLOYED,PASS
0.002465,1,NO_POSITIVE_COMMON_VOLUME,0.000000000,LINK_2,CROSSHEAD_LINK_PIN_SET,WP02-005,WP02-011,DEPLOYED,PASS
0.002030,1,NO_POSITIVE_COMMON_VOLUME,0.000000000,LINK_2,VSM6_RETENTION_RING_SET,WP02-005,WP02-012,DEPLOYED,PASS
0.002063,1,NO_POSITIVE_COMMON_VOLUME,0.000000000,LINK_2,DEPLOYED_STOP_PAD_SET,WP02-005,WP02-029,DEPLOYED,PASS
0.005855,3,NO_POSITIVE_COMMON_VOLUME,0.000000000,LINK_2,POSITIVE_LOCK_HOUSING_SET,WP02-005,WP02-030,DEPLOYED,PASS
0.002913,2,NO_POSITIVE_COMMON_VOLUME,0.000000000,LINK_2,POSITIVE_LOCK_PLUNGER_AND_WITNESS_SET,WP02-005,WP02-031,DEPLOYED,PASS
0.009534,1,NO_POSITIVE_COMMON_VOLUME,0.000000000,ARM_3,LINK_3,WP02-003,WP02-006,DEPLOYED,PASS
0.011486,2,NO_POSITIVE_COMMON_VOLUME,0.000000000,ARM_3,PIVOT_BUSHING_SET,WP02-003,WP02-008,DEPLOYED,PASS
0.006997,1,NO_POSITIVE_COMMON_VOLUME,0.000000000,ARM_3,ARM_PIVOT_PIN_SET,WP02-003,WP02-009,DEPLOYED,PASS
0.009198,1,NO_POSITIVE_COMMON_VOLUME,0.000000000,ARM_3,ARM_LINK_PIN_SET,WP02-003,WP02-010,DEPLOYED,PASS
0.012644,2,NO_POSITIVE_COMMON_VOLUME,0.000000000,ARM_3,VSM6_RETENTION_RING_SET,WP02-003,WP02-012,DEPLOYED,PASS
0.017576,3,NO_POSITIVE_COMMON_VOLUME,0.000000000,ARM_3,POSITIVE_LOCK_HOUSING_SET,WP02-003,WP02-030,DEPLOYED,PASS
0.013411,2,NO_POSITIVE_COMMON_VOLUME,0.000000000,ARM_3,POSITIVE_LOCK_PLUNGER_AND_WITNESS_SET,WP02-003,WP02-031,DEPLOYED,PASS
0.009401,2,NO_POSITIVE_COMMON_VOLUME,0.000000000,LINK_3,COMMON_CROSSHEAD,WP02-006,WP02-007,DEPLOYED,PASS
0.001662,1,NO_POSITIVE_COMMON_VOLUME,0.000000000,LINK_3,ARM_PIVOT_PIN_SET,WP02-006,WP02-009,DEPLOYED,PASS
0.002420,1,NO_POSITIVE_COMMON_VOLUME,0.000000000,LINK_3,ARM_LINK_PIN_SET,WP02-006,WP02-010,DEPLOYED,PASS
0.002493,1,NO_POSITIVE_COMMON_VOLUME,0.000000000,LINK_3,CROSSHEAD_LINK_PIN_SET,WP02-006,WP02-011,DEPLOYED,PASS
0.001468,1,NO_POSITIVE_COMMON_VOLUME,0.000000000,LINK_3,VSM6_RETENTION_RING_SET,WP02-006,WP02-012,DEPLOYED,PASS
0.001524,1,NO_POSITIVE_COMMON_VOLUME,0.000000000,LINK_3,DEPLOYED_STOP_PAD_SET,WP02-006,WP02-029,DEPLOYED,PASS
0.012518,3,NO_POSITIVE_COMMON_VOLUME,0.000000000,LINK_3,POSITIVE_LOCK_HOUSING_SET,WP02-006,WP02-030,DEPLOYED,PASS
0.002758,2,NO_POSITIVE_COMMON_VOLUME,0.000000000,LINK_3,POSITIVE_LOCK_PLUNGER_AND_WITNESS_SET,WP02-006,WP02-031,DEPLOYED,PASS
0.021560,6,NO_POSITIVE_COMMON_VOLUME,0.000000000,COMMON_CROSSHEAD,CROSSHEAD_LINK_PIN_SET,WP02-007,WP02-011,DEPLOYED,PASS
0.007958,2,NO_POSITIVE_COMMON_VOLUME,0.000000000,COMMON_CROSSHEAD,VSM6_RETENTION_RING_SET,WP02-007,WP02-012,DEPLOYED,PASS
0.032672,3,NO_POSITIVE_COMMON_VOLUME,0.000000000,COMMON_CROSSHEAD,POWERTRAIN_CARTRIDGE_SPINE,WP02-007,WP02-013,DEPLOYED,PASS
0.028223,4,NO_POSITIVE_COMMON_VOLUME,0.000000000,COMMON_CROSSHEAD,CROSSHEAD_GUIDE_ROD_SET,WP02-007,WP02-014,DEPLOYED,PASS
0.031405,1,NO_POSITIVE_COMMON_VOLUME,0.000000000,COMMON_CROSSHEAD,GS19_MOVING_ADAPTER,WP02-007,WP02-018,DEPLOYED,PASS
0.003790,2,NO_POSITIVE_COMMON_VOLUME,0.000000000,COMMON_CROSSHEAD,HBD15_ROD_DRAWING_DERIVED,WP02-007,WP02-020,DEPLOYED,PASS
0.030925,9,NO_POSITIVE_COMMON_VOLUME,0.000000000,COMMON_CROSSHEAD,HBD_MOVING_LOST_MOTION_COUPLER,WP02-007,WP02-021,DEPLOYED,PASS
0.002088,1,NO_POSITIVE_COMMON_VOLUME,0.000000000,COMMON_CROSSHEAD,BACKUP_SPRING_GUIDE_PUSHROD,WP02-007,WP02-028,DEPLOYED,PASS
0.005069,1,NO_POSITIVE_COMMON_VOLUME,0.000000000,COMMON_CROSSHEAD,CROSSHEAD_SEAR,WP02-007,WP02-032,DEPLOYED,PASS
0.078982,6,NO_POSITIVE_COMMON_VOLUME,0.000000000,COMMON_CROSSHEAD,CROSSHEAD_SEAR_HOUSING,WP02-007,WP02-033,DEPLOYED,PASS
0.012655,6,NO_POSITIVE_COMMON_VOLUME,0.000000000,PIVOT_BUSHING_SET,ARM_PIVOT_PIN_SET,WP02-008,WP02-009,DEPLOYED,PASS
0.003817,2,NO_POSITIVE_COMMON_VOLUME,0.000000000,PIVOT_BUSHING_SET,VSM6_RETENTION_RING_SET,WP02-008,WP02-012,DEPLOYED,PASS
0.002198,4,NO_POSITIVE_COMMON_VOLUME,0.000000000,PIVOT_BUSHING_SET,POSITIVE_LOCK_HOUSING_SET,WP02-008,WP02-030,DEPLOYED,PASS
0.007962,3,NO_POSITIVE_COMMON_VOLUME,0.000000000,ARM_PIVOT_PIN_SET,VSM6_RETENTION_RING_SET,WP02-009,WP02-012,DEPLOYED,PASS
0.006239,6,NO_POSITIVE_COMMON_VOLUME,0.000000000,ARM_PIVOT_PIN_SET,POSITIVE_LOCK_HOUSING_SET,WP02-009,WP02-030,DEPLOYED,PASS
0.001702,2,NO_POSITIVE_COMMON_VOLUME,0.000000000,ARM_PIVOT_PIN_SET,POSITIVE_LOCK_PLUNGER_AND_WITNESS_SET,WP02-009,WP02-031,DEPLOYED,PASS
0.008704,3,NO_POSITIVE_COMMON_VOLUME,0.000000000,ARM_LINK_PIN_SET,VSM6_RETENTION_RING_SET,WP02-010,WP02-012,DEPLOYED,PASS
0.008703,3,NO_POSITIVE_COMMON_VOLUME,0.000000000,CROSSHEAD_LINK_PIN_SET,VSM6_RETENTION_RING_SET,WP02-011,WP02-012,DEPLOYED,PASS
0.004672,3,NO_POSITIVE_COMMON_VOLUME,0.000000000,POWERTRAIN_CARTRIDGE_SPINE,CROSSHEAD_GUIDE_ROD_SET,WP02-013,WP02-014,DEPLOYED,PASS
1.921348,3,NO_POSITIVE_COMMON_VOLUME,0.000000000,POWERTRAIN_CARTRIDGE_SPINE,BACKUP_SPRING_LHL625D12,WP02-013,WP02-025,DEPLOYED,PASS
0.020227,6,NO_POSITIVE_COMMON_VOLUME,0.000000000,POWERTRAIN_CARTRIDGE_SPINE,BACKUP_SPRING_FIXED_REACTION_SEAT,WP02-013,WP02-026,DEPLOYED,PASS
0.003262,2,NO_POSITIVE_COMMON_VOLUME,0.000000000,POWERTRAIN_CARTRIDGE_SPINE,BACKUP_SPRING_GUIDE_PUSHROD,WP02-013,WP02-028,DEPLOYED,PASS
0.037684,4,NO_POSITIVE_COMMON_VOLUME,0.000000000,CROSSHEAD_GUIDE_ROD_SET,CROSSHEAD_SEAR_HOUSING,WP02-014,WP02-033,DEPLOYED,PASS
0.006089,1,INTENTIONAL_INTERNAL_COTS_TELESCOPING_REPRESENTATION,1062.011016067,GS19_FIXED_BODY_EXACT_VENDOR_BREP,GS19_MOVING_ROD_EXACT_VENDOR_BREP,WP02-015,WP02-016,DEPLOYED,ACCEPTED_REPRESENTATION_LIMITATION
0.007900,1,NO_POSITIVE_COMMON_VOLUME,0.000000000,GS19_FIXED_BODY_EXACT_VENDOR_BREP,GS19_FIXED_ANCHOR,WP02-015,WP02-017,DEPLOYED,PASS
0.003333,1,NO_POSITIVE_COMMON_VOLUME,0.000000000,GS19_FIXED_BODY_EXACT_VENDOR_BREP,BACKUP_SPRING_GUIDE_PUSHROD,WP02-015,WP02-028,DEPLOYED,PASS
0.002431,1,NO_POSITIVE_COMMON_VOLUME,0.000000000,GS19_MOVING_ROD_EXACT_VENDOR_BREP,GS19_MOVING_ADAPTER,WP02-016,WP02-018,DEPLOYED,PASS
0.000978,1,NO_POSITIVE_COMMON_VOLUME,0.000000000,GS19_FIXED_ANCHOR,BACKUP_SPRING_GUIDE_PUSHROD,WP02-017,WP02-028,DEPLOYED,PASS
0.006127,1,INTENTIONAL_INTERNAL_COTS_TELESCOPING_REPRESENTATION,318.086256176,HBD15_BODY_DRAWING_DERIVED,HBD15_ROD_DRAWING_DERIVED,WP02-019,WP02-020,DEPLOYED,ACCEPTED_REPRESENTATION_LIMITATION
0.003628,3,NO_POSITIVE_COMMON_VOLUME,0.000000000,HBD15_BODY_DRAWING_DERIVED,HBD_CAPTIVE_BYPASS_CARRIAGE,WP02-019,WP02-022,DEPLOYED,PASS
0.002677,2,NO_POSITIVE_COMMON_VOLUME,0.000000000,HBD15_BODY_DRAWING_DERIVED,HBD_BYPASS_RAIL_AND_SHOULDER_SET,WP02-019,WP02-023,DEPLOYED,PASS
0.001278,1,NO_POSITIVE_COMMON_VOLUME,0.000000000,HBD15_BODY_DRAWING_DERIVED,BACKUP_SPRING_GUIDE_PUSHROD,WP02-019,WP02-028,DEPLOYED,PASS
0.005680,4,NO_POSITIVE_COMMON_VOLUME,0.000000000,HBD15_ROD_DRAWING_DERIVED,HBD_MOVING_LOST_MOTION_COUPLER,WP02-020,WP02-021,DEPLOYED,PASS
0.003805,2,NO_POSITIVE_COMMON_VOLUME,0.000000000,HBD_CAPTIVE_BYPASS_CARRIAGE,HBD_BYPASS_RAIL_AND_SHOULDER_SET,WP02-022,WP02-023,DEPLOYED,PASS
0.002057,2,NO_POSITIVE_COMMON_VOLUME,0.000000000,HBD_BYPASS_RAIL_AND_SHOULDER_SET,BACKUP_SPRING_GUIDE_PUSHROD,WP02-023,WP02-028,DEPLOYED,PASS
0.515949,1,NO_POSITIVE_COMMON_VOLUME,0.000000000,BACKUP_SPRING_LHL625D12,BACKUP_SPRING_FIXED_REACTION_SEAT,WP02-025,WP02-026,DEPLOYED,PASS
0.004088,2,NO_POSITIVE_COMMON_VOLUME,0.000000000,BACKUP_SPRING_MOVING_SEAT,BACKUP_SPRING_GUIDE_PUSHROD,WP02-027,WP02-028,DEPLOYED,PASS
0.016886,10,NO_POSITIVE_COMMON_VOLUME,0.000000000,POSITIVE_LOCK_HOUSING_SET,POSITIVE_LOCK_PLUNGER_AND_WITNESS_SET,WP02-030,WP02-031,DEPLOYED,PASS
