occurrence_id,delta_action,baseline_definition,final_definition,baseline_mass_kg,final_mass_kg,mass_delta_kg,baseline_parent_path,final_parent_path,reason
AFT-CLOSURE-CAP,ADDED,N/A,DF8-SHORT14-AFT-CAP-001,0.000000,0.038524,0.038524,N/A,500_SPRING_EJECTOR_AFT_CLOSURE_AND_RECOVERY_ASSY/510_SHORTENED_AFT_STRUCTURE_ASSY,New SHORT14/external-buoy occurrence
AFT-CLOSURE-RING,ADDED,N/A,DF8-SHORT14-AFT-CLOSURE-RING-001,0.000000,0.031073,0.031073,N/A,500_SPRING_EJECTOR_AFT_CLOSURE_AND_RECOVERY_ASSY/510_SHORTENED_AFT_STRUCTURE_ASSY,New SHORT14/external-buoy occurrence
AFT-LONGERON-1,REMOVED,DF8-R2-AFT-LONGERON-001,N/A,0.007614,0.000000,-0.007614,500_SPRING_EJECTOR_AFT_CLOSURE_AND_RECOVERY_ASSY,N/A,Replaced by the exact 1675.400 mm rigid-body stack
AFT-LONGERON-2,REMOVED,DF8-R2-AFT-LONGERON-001,N/A,0.007614,0.000000,-0.007614,500_SPRING_EJECTOR_AFT_CLOSURE_AND_RECOVERY_ASSY,N/A,Replaced by the exact 1675.400 mm rigid-body stack
AFT-LONGERON-3,REMOVED,DF8-R2-AFT-LONGERON-001,N/A,0.007614,0.000000,-0.007614,500_SPRING_EJECTOR_AFT_CLOSURE_AND_RECOVERY_ASSY,N/A,Replaced by the exact 1675.400 mm rigid-body stack
AFT-LONGERON-AFT-1,ADDED,N/A,DF8-SHORT14-AFT-LONGERON-AFT-001,0.000000,0.001427,0.001427,N/A,500_SPRING_EJECTOR_AFT_CLOSURE_AND_RECOVERY_ASSY/510_SHORTENED_AFT_STRUCTURE_ASSY,New SHORT14/external-buoy occurrence
AFT-LONGERON-AFT-2,ADDED,N/A,DF8-SHORT14-AFT-LONGERON-AFT-001,0.000000,0.001427,0.001427,N/A,500_SPRING_EJECTOR_AFT_CLOSURE_AND_RECOVERY_ASSY/510_SHORTENED_AFT_STRUCTURE_ASSY,New SHORT14/external-buoy occurrence
AFT-LONGERON-AFT-3,ADDED,N/A,DF8-SHORT14-AFT-LONGERON-AFT-001,0.000000,0.001427,0.001427,N/A,500_SPRING_EJECTOR_AFT_CLOSURE_AND_RECOVERY_ASSY/510_SHORTENED_AFT_STRUCTURE_ASSY,New SHORT14/external-buoy occurrence
AFT-LONGERON-FWD-1,ADDED,N/A,DF8-SHORT14-AFT-LONGERON-FWD-001,0.000000,0.026677,0.026677,N/A,500_SPRING_EJECTOR_AFT_CLOSURE_AND_RECOVERY_ASSY/510_SHORTENED_AFT_STRUCTURE_ASSY,New SHORT14/external-buoy occurrence
AFT-LONGERON-FWD-2,ADDED,N/A,DF8-SHORT14-AFT-LONGERON-FWD-001,0.000000,0.026677,0.026677,N/A,500_SPRING_EJECTOR_AFT_CLOSURE_AND_RECOVERY_ASSY/510_SHORTENED_AFT_STRUCTURE_ASSY,New SHORT14/external-buoy occurrence
AFT-LONGERON-FWD-3,ADDED,N/A,DF8-SHORT14-AFT-LONGERON-FWD-001,0.000000,0.026677,0.026677,N/A,500_SPRING_EJECTOR_AFT_CLOSURE_AND_RECOVERY_ASSY/510_SHORTENED_AFT_STRUCTURE_ASSY,New SHORT14/external-buoy occurrence
AFT-REPACK-SHELL-001,REMOVED,DF8-FORWARD-ARM-AFT-REPACK-SHELL-001,N/A,0.345758,0.000000,-0.345758,300_TRUE_TRANSFORM_ARM_AND_POWERTRAIN_ASSY,N/A,Replaced by the exact 1675.400 mm rigid-body stack
AFT-ROUTE-RING-001,REMOVED,DF8-R2-AFT-ROUTE-RING-001,N/A,0.046503,0.000000,-0.046503,500_SPRING_EJECTOR_AFT_CLOSURE_AND_RECOVERY_ASSY,N/A,Replaced by the exact 1675.400 mm rigid-body stack
AFT-SHELL-001,REMOVED,DF8-R2-AFT-SHELL-001,N/A,0.248515,0.000000,-0.248515,500_SPRING_EJECTOR_AFT_CLOSURE_AND_RECOVERY_ASSY,N/A,Replaced by the exact 1675.400 mm rigid-body stack
ARM-1,RETAINED_MODIFIED_DEFINITION,DF8-R2-ARM-BLADE-001,DF8-SHORT14-ARM-BLADE-001,0.116517,0.064450,-0.052067,300_TRUE_TRANSFORM_ARM_AND_POWERTRAIN_ASSY/331_ARM_1_ASSY,300_TRUE_TRANSFORM_ARM_AND_POWERTRAIN_ASSY/331_ARM_1_ASSY,Definition transformed for the SHORT14 configuration
ARM-2,RETAINED_MODIFIED_DEFINITION,DF8-R2-ARM-BLADE-001,DF8-SHORT14-ARM-BLADE-001,0.116517,0.064450,-0.052067,300_TRUE_TRANSFORM_ARM_AND_POWERTRAIN_ASSY/332_ARM_2_ASSY,300_TRUE_TRANSFORM_ARM_AND_POWERTRAIN_ASSY/332_ARM_2_ASSY,Definition transformed for the SHORT14 configuration
ARM-3,RETAINED_MODIFIED_DEFINITION,DF8-R2-ARM-BLADE-001,DF8-SHORT14-ARM-BLADE-001,0.116517,0.064450,-0.052067,300_TRUE_TRANSFORM_ARM_AND_POWERTRAIN_ASSY/333_ARM_3_ASSY,300_TRUE_TRANSFORM_ARM_AND_POWERTRAIN_ASSY/333_ARM_3_ASSY,Definition transformed for the SHORT14 configuration
ARM-LONGERON-1,RETAINED_MODIFIED_DEFINITION,DF8-R2-ROUTED-LONGERON-001,DF8-SHORT14-ARM-LONGERON-001,0.048939,0.025579,-0.023359,300_TRUE_TRANSFORM_ARM_AND_POWERTRAIN_ASSY,300_TRUE_TRANSFORM_ARM_AND_POWERTRAIN_ASSY,Definition transformed for the SHORT14 configuration
ARM-LONGERON-2,RETAINED_MODIFIED_DEFINITION,DF8-R2-ROUTED-LONGERON-001,DF8-SHORT14-ARM-LONGERON-001,0.048939,0.025579,-0.023359,300_TRUE_TRANSFORM_ARM_AND_POWERTRAIN_ASSY,300_TRUE_TRANSFORM_ARM_AND_POWERTRAIN_ASSY,Definition transformed for the SHORT14 configuration
ARM-LONGERON-3,RETAINED_MODIFIED_DEFINITION,DF8-R2-BACKUP-GUIDE-LONGERON-003,DF8-SHORT14-BACKUP-GUIDE-LONGERON-003,0.048721,0.025362,-0.023359,300_TRUE_TRANSFORM_ARM_AND_POWERTRAIN_ASSY,300_TRUE_TRANSFORM_ARM_AND_POWERTRAIN_ASSY,Definition transformed for the SHORT14 configuration
ARM-STOP-PAD-1,RETAINED_UNCHANGED,DF8-R2-ARM-STOP-PAD-001,DF8-R2-ARM-STOP-PAD-001,0.001177,0.001177,0.000000,300_TRUE_TRANSFORM_ARM_AND_POWERTRAIN_ASSY/331_ARM_1_ASSY,300_TRUE_TRANSFORM_ARM_AND_POWERTRAIN_ASSY/331_ARM_1_ASSY,Source occurrence retained
ARM-STOP-PAD-2,RETAINED_UNCHANGED,DF8-R2-ARM-STOP-PAD-001,DF8-R2-ARM-STOP-PAD-001,0.001177,0.001177,0.000000,300_TRUE_TRANSFORM_ARM_AND_POWERTRAIN_ASSY/332_ARM_2_ASSY,300_TRUE_TRANSFORM_ARM_AND_POWERTRAIN_ASSY/332_ARM_2_ASSY,Source occurrence retained
ARM-STOP-PAD-3,RETAINED_UNCHANGED,DF8-R2-ARM-STOP-PAD-001,DF8-R2-ARM-STOP-PAD-001,0.001177,0.001177,0.000000,300_TRUE_TRANSFORM_ARM_AND_POWERTRAIN_ASSY/333_ARM_3_ASSY,300_TRUE_TRANSFORM_ARM_AND_POWERTRAIN_ASSY/333_ARM_3_ASSY,Source occurrence retained
ARM-STOP-SCREW-1-1,RETAINED_UNCHANGED,SSCA-M3-8-A4-BL,SSCA-M3-8-A4-BL,0.000800,0.000800,0.000000,300_TRUE_TRANSFORM_ARM_AND_POWERTRAIN_ASSY/390_MANDATORY_HARDWARE_ASSY,300_TRUE_TRANSFORM_ARM_AND_POWERTRAIN_ASSY/390_MANDATORY_HARDWARE_ASSY,Source occurrence retained
ARM-STOP-SCREW-1-2,RETAINED_UNCHANGED,SSCA-M3-8-A4-BL,SSCA-M3-8-A4-BL,0.000800,0.000800,0.000000,300_TRUE_TRANSFORM_ARM_AND_POWERTRAIN_ASSY/390_MANDATORY_HARDWARE_ASSY,300_TRUE_TRANSFORM_ARM_AND_POWERTRAIN_ASSY/390_MANDATORY_HARDWARE_ASSY,Source occurrence retained
ARM-STOP-SCREW-2-1,RETAINED_UNCHANGED,SSCA-M3-8-A4-BL,SSCA-M3-8-A4-BL,0.000800,0.000800,0.000000,300_TRUE_TRANSFORM_ARM_AND_POWERTRAIN_ASSY/390_MANDATORY_HARDWARE_ASSY,300_TRUE_TRANSFORM_ARM_AND_POWERTRAIN_ASSY/390_MANDATORY_HARDWARE_ASSY,Source occurrence retained
ARM-STOP-SCREW-2-2,RETAINED_UNCHANGED,SSCA-M3-8-A4-BL,SSCA-M3-8-A4-BL,0.000800,0.000800,0.000000,300_TRUE_TRANSFORM_ARM_AND_POWERTRAIN_ASSY/390_MANDATORY_HARDWARE_ASSY,300_TRUE_TRANSFORM_ARM_AND_POWERTRAIN_ASSY/390_MANDATORY_HARDWARE_ASSY,Source occurrence retained
ARM-STOP-SCREW-3-1,RETAINED_UNCHANGED,SSCA-M3-8-A4-BL,SSCA-M3-8-A4-BL,0.000800,0.000800,0.000000,300_TRUE_TRANSFORM_ARM_AND_POWERTRAIN_ASSY/390_MANDATORY_HARDWARE_ASSY,300_TRUE_TRANSFORM_ARM_AND_POWERTRAIN_ASSY/390_MANDATORY_HARDWARE_ASSY,Source occurrence retained
ARM-STOP-SCREW-3-2,RETAINED_UNCHANGED,SSCA-M3-8-A4-BL,SSCA-M3-8-A4-BL,0.000800,0.000800,0.000000,300_TRUE_TRANSFORM_ARM_AND_POWERTRAIN_ASSY/390_MANDATORY_HARDWARE_ASSY,300_TRUE_TRANSFORM_ARM_AND_POWERTRAIN_ASSY/390_MANDATORY_HARDWARE_ASSY,Source occurrence retained
ARM-TERMINATION-RING-001,RETAINED_MODIFIED_DEFINITION,DF8-FORWARD-ARM-TERMINATION-RING-001,DF8-SHORT14-ARM-TERMINATION-RING-001,0.044224,0.028944,-0.015279,300_TRUE_TRANSFORM_ARM_AND_POWERTRAIN_ASSY,300_TRUE_TRANSFORM_ARM_AND_POWERTRAIN_ASSY,Definition transformed for the SHORT14 configuration
BACKUP-GUIDE-SCREW-1,RETAINED_UNCHANGED,SSCF-M3-10-A4,SSCF-M3-10-A4,0.000880,0.000880,0.000000,300_TRUE_TRANSFORM_ARM_AND_POWERTRAIN_ASSY/390_MANDATORY_HARDWARE_ASSY,300_TRUE_TRANSFORM_ARM_AND_POWERTRAIN_ASSY/390_MANDATORY_HARDWARE_ASSY,Source occurrence retained
BACKUP-GUIDE-SCREW-2,RETAINED_UNCHANGED,SSCF-M3-10-A4,SSCF-M3-10-A4,0.000880,0.000880,0.000000,300_TRUE_TRANSFORM_ARM_AND_POWERTRAIN_ASSY/390_MANDATORY_HARDWARE_ASSY,300_TRUE_TRANSFORM_ARM_AND_POWERTRAIN_ASSY/390_MANDATORY_HARDWARE_ASSY,Source occurrence retained
BACKUP-SPRING-001,RETAINED_UNCHANGED,DF8-R2-BACKUP-SPRING-16N-001,DF8-R2-BACKUP-SPRING-16N-001,0.092000,0.092000,0.000000,300_TRUE_TRANSFORM_ARM_AND_POWERTRAIN_ASSY,300_TRUE_TRANSFORM_ARM_AND_POWERTRAIN_ASSY,Source occurrence retained
BACKUP-SPRING-FIXED-SEAT,RETAINED_UNCHANGED,DF8-R2-BACKUP-SPRING-FIXED-SEAT-001,DF8-R2-BACKUP-SPRING-FIXED-SEAT-001,0.004206,0.004206,0.000000,300_TRUE_TRANSFORM_ARM_AND_POWERTRAIN_ASSY,300_TRUE_TRANSFORM_ARM_AND_POWERTRAIN_ASSY,Source occurrence retained
BACKUP-SPRING-GUIDE,RETAINED_UNCHANGED,DF8-R2-BACKUP-SPRING-GUIDE-001,DF8-R2-BACKUP-SPRING-GUIDE-001,0.029069,0.029069,0.000000,300_TRUE_TRANSFORM_ARM_AND_POWERTRAIN_ASSY,300_TRUE_TRANSFORM_ARM_AND_POWERTRAIN_ASSY,Source occurrence retained
BACKUP-SPRING-MOVING-SEAT,RETAINED_UNCHANGED,DF8-R2-BACKUP-SPRING-MOVING-SEAT-001,DF8-R2-BACKUP-SPRING-MOVING-SEAT-001,0.007388,0.007388,0.000000,300_TRUE_TRANSFORM_ARM_AND_POWERTRAIN_ASSY,300_TRUE_TRANSFORM_ARM_AND_POWERTRAIN_ASSY,Source occurrence retained
BALLAST-001,RETAINED_UNCHANGED,DF8-R2-BALLAST-001,DF8-R2-BALLAST-001,4.884228,4.884228,0.000000,100_FORWARD_PENETRATOR_WAI_AND_PRIMARY_STRUCTURE_ASSY,100_FORWARD_PENETRATOR_WAI_AND_PRIMARY_STRUCTURE_ASSY,Source occurrence retained
BODY-HARDPOINT-001,REMOVED,WP04-RHP-001-R2,N/A,0.025434,0.000000,-0.025434,500_SPRING_EJECTOR_AFT_CLOSURE_AND_RECOVERY_ASSY,N/A,Replaced by external buoy panels and the independent structural tether load path
BOOSTER-1,REMOVED,DF8-R2-BOOSTER-RESERVOIR-001,N/A,0.137602,0.000000,-0.137602,100_FORWARD_PENETRATOR_WAI_AND_PRIMARY_STRUCTURE_ASSY,N/A,Removed with the internal inflation architecture
BOOSTER-2,REMOVED,DF8-R2-BOOSTER-RESERVOIR-001,N/A,0.137602,0.000000,-0.137602,100_FORWARD_PENETRATOR_WAI_AND_PRIMARY_STRUCTURE_ASSY,N/A,Removed with the internal inflation architecture
BOOSTER-3,REMOVED,DF8-R2-BOOSTER-RESERVOIR-001,N/A,0.137602,0.000000,-0.137602,100_FORWARD_PENETRATOR_WAI_AND_PRIMARY_STRUCTURE_ASSY,N/A,Removed with the internal inflation architecture
BOOSTER-AFT-CLOSURE-1,REMOVED,DF8-R2-BOOSTER-AFT-WELDED-CLOSURE-001,N/A,0.001006,0.000000,-0.001006,100_FORWARD_PENETRATOR_WAI_AND_PRIMARY_STRUCTURE_ASSY,N/A,Removed with the internal inflation architecture
BOOSTER-AFT-CLOSURE-2,REMOVED,DF8-R2-BOOSTER-AFT-WELDED-CLOSURE-001,N/A,0.001006,0.000000,-0.001006,100_FORWARD_PENETRATOR_WAI_AND_PRIMARY_STRUCTURE_ASSY,N/A,Removed with the internal inflation architecture
BOOSTER-AFT-CLOSURE-3,REMOVED,DF8-R2-BOOSTER-AFT-WELDED-CLOSURE-001,N/A,0.001006,0.000000,-0.001006,100_FORWARD_PENETRATOR_WAI_AND_PRIMARY_STRUCTURE_ASSY,N/A,Removed with the internal inflation architecture
BOOSTER-BAND-1-1,REMOVED,DF8-R2-BOOSTER-BAND-001,N/A,0.000246,0.000000,-0.000246,100_FORWARD_PENETRATOR_WAI_AND_PRIMARY_STRUCTURE_ASSY,N/A,Removed with the internal inflation architecture
BOOSTER-BAND-1-2,REMOVED,DF8-R2-BOOSTER-BAND-001,N/A,0.000246,0.000000,-0.000246,100_FORWARD_PENETRATOR_WAI_AND_PRIMARY_STRUCTURE_ASSY,N/A,Removed with the internal inflation architecture
BOOSTER-BAND-1-3,REMOVED,DF8-R2-BOOSTER-BAND-001,N/A,0.000246,0.000000,-0.000246,100_FORWARD_PENETRATOR_WAI_AND_PRIMARY_STRUCTURE_ASSY,N/A,Removed with the internal inflation architecture
BOOSTER-BAND-2-1,REMOVED,DF8-R2-BOOSTER-BAND-001,N/A,0.000246,0.000000,-0.000246,100_FORWARD_PENETRATOR_WAI_AND_PRIMARY_STRUCTURE_ASSY,N/A,Removed with the internal inflation architecture
BOOSTER-BAND-2-2,REMOVED,DF8-R2-BOOSTER-BAND-001,N/A,0.000246,0.000000,-0.000246,100_FORWARD_PENETRATOR_WAI_AND_PRIMARY_STRUCTURE_ASSY,N/A,Removed with the internal inflation architecture
BOOSTER-BAND-2-3,REMOVED,DF8-R2-BOOSTER-BAND-001,N/A,0.000246,0.000000,-0.000246,100_FORWARD_PENETRATOR_WAI_AND_PRIMARY_STRUCTURE_ASSY,N/A,Removed with the internal inflation architecture
BOOSTER-BAND-3-1,REMOVED,DF8-R2-BOOSTER-BAND-001,N/A,0.000246,0.000000,-0.000246,100_FORWARD_PENETRATOR_WAI_AND_PRIMARY_STRUCTURE_ASSY,N/A,Removed with the internal inflation architecture
BOOSTER-BAND-3-2,REMOVED,DF8-R2-BOOSTER-BAND-001,N/A,0.000246,0.000000,-0.000246,100_FORWARD_PENETRATOR_WAI_AND_PRIMARY_STRUCTURE_ASSY,N/A,Removed with the internal inflation architecture
BOOSTER-BAND-3-3,REMOVED,DF8-R2-BOOSTER-BAND-001,N/A,0.000246,0.000000,-0.000246,100_FORWARD_PENETRATOR_WAI_AND_PRIMARY_STRUCTURE_ASSY,N/A,Removed with the internal inflation architecture
BOOSTER-CLAMP-SCREW-1-1,REMOVED,SSCF-M3-10-A4,N/A,0.000880,0.000000,-0.000880,100_FORWARD_PENETRATOR_WAI_AND_PRIMARY_STRUCTURE_ASSY/190_MANDATORY_HARDWARE_ASSY,N/A,Removed with the internal inflation architecture
BOOSTER-CLAMP-SCREW-1-2,REMOVED,SSCF-M3-10-A4,N/A,0.000880,0.000000,-0.000880,100_FORWARD_PENETRATOR_WAI_AND_PRIMARY_STRUCTURE_ASSY/190_MANDATORY_HARDWARE_ASSY,N/A,Removed with the internal inflation architecture
BOOSTER-CLAMP-SCREW-1-3,REMOVED,SSCF-M3-10-A4,N/A,0.000880,0.000000,-0.000880,100_FORWARD_PENETRATOR_WAI_AND_PRIMARY_STRUCTURE_ASSY/190_MANDATORY_HARDWARE_ASSY,N/A,Removed with the internal inflation architecture
BOOSTER-CLAMP-SCREW-2-1,REMOVED,SSCF-M3-10-A4,N/A,0.000880,0.000000,-0.000880,100_FORWARD_PENETRATOR_WAI_AND_PRIMARY_STRUCTURE_ASSY/190_MANDATORY_HARDWARE_ASSY,N/A,Removed with the internal inflation architecture
BOOSTER-CLAMP-SCREW-2-2,REMOVED,SSCF-M3-10-A4,N/A,0.000880,0.000000,-0.000880,100_FORWARD_PENETRATOR_WAI_AND_PRIMARY_STRUCTURE_ASSY/190_MANDATORY_HARDWARE_ASSY,N/A,Removed with the internal inflation architecture
BOOSTER-CLAMP-SCREW-2-3,REMOVED,SSCF-M3-10-A4,N/A,0.000880,0.000000,-0.000880,100_FORWARD_PENETRATOR_WAI_AND_PRIMARY_STRUCTURE_ASSY/190_MANDATORY_HARDWARE_ASSY,N/A,Removed with the internal inflation architecture
BOOSTER-CLAMP-SCREW-3-1,REMOVED,SSCF-M3-10-A4,N/A,0.000880,0.000000,-0.000880,100_FORWARD_PENETRATOR_WAI_AND_PRIMARY_STRUCTURE_ASSY/190_MANDATORY_HARDWARE_ASSY,N/A,Removed with the internal inflation architecture
BOOSTER-CLAMP-SCREW-3-2,REMOVED,SSCF-M3-10-A4,N/A,0.000880,0.000000,-0.000880,100_FORWARD_PENETRATOR_WAI_AND_PRIMARY_STRUCTURE_ASSY/190_MANDATORY_HARDWARE_ASSY,N/A,Removed with the internal inflation architecture
BOOSTER-CLAMP-SCREW-3-3,REMOVED,SSCF-M3-10-A4,N/A,0.000880,0.000000,-0.000880,100_FORWARD_PENETRATOR_WAI_AND_PRIMARY_STRUCTURE_ASSY/190_MANDATORY_HARDWARE_ASSY,N/A,Removed with the internal inflation architecture
BOOSTER-COLLECTION-LINE-1,REMOVED,DF8-R2-BOOSTER-COLLECTION-LINE-001,N/A,0.007533,0.000000,-0.007533,100_FORWARD_PENETRATOR_WAI_AND_PRIMARY_STRUCTURE_ASSY,N/A,Removed with the internal inflation architecture
BOOSTER-COLLECTION-LINE-2,REMOVED,DF8-R2-BOOSTER-COLLECTION-LINE-001,N/A,0.007533,0.000000,-0.007533,100_FORWARD_PENETRATOR_WAI_AND_PRIMARY_STRUCTURE_ASSY,N/A,Removed with the internal inflation architecture
BOOSTER-COLLECTION-LINE-3,REMOVED,DF8-R2-BOOSTER-COLLECTION-LINE-001,N/A,0.007533,0.000000,-0.007533,100_FORWARD_PENETRATOR_WAI_AND_PRIMARY_STRUCTURE_ASSY,N/A,Removed with the internal inflation architecture
BOOSTER-FWD-CLOSURE-1,REMOVED,DF8-R2-BOOSTER-FWD-ADAPTER-CLOSURE-001,N/A,0.001274,0.000000,-0.001274,100_FORWARD_PENETRATOR_WAI_AND_PRIMARY_STRUCTURE_ASSY,N/A,Removed with the internal inflation architecture
BOOSTER-FWD-CLOSURE-2,REMOVED,DF8-R2-BOOSTER-FWD-ADAPTER-CLOSURE-001,N/A,0.001274,0.000000,-0.001274,100_FORWARD_PENETRATOR_WAI_AND_PRIMARY_STRUCTURE_ASSY,N/A,Removed with the internal inflation architecture
BOOSTER-FWD-CLOSURE-3,REMOVED,DF8-R2-BOOSTER-FWD-ADAPTER-CLOSURE-001,N/A,0.001274,0.000000,-0.001274,100_FORWARD_PENETRATOR_WAI_AND_PRIMARY_STRUCTURE_ASSY,N/A,Removed with the internal inflation architecture
BOOSTER-ISOLATION-VALVE-1,REMOVED,SS-CHS2-1,N/A,0.025000,0.000000,-0.025000,100_FORWARD_PENETRATOR_WAI_AND_PRIMARY_STRUCTURE_ASSY,N/A,Removed with the internal inflation architecture
BOOSTER-ISOLATION-VALVE-2,REMOVED,SS-CHS2-1,N/A,0.025000,0.000000,-0.025000,100_FORWARD_PENETRATOR_WAI_AND_PRIMARY_STRUCTURE_ASSY,N/A,Removed with the internal inflation architecture
BOOSTER-ISOLATION-VALVE-3,REMOVED,SS-CHS2-1,N/A,0.025000,0.000000,-0.025000,100_FORWARD_PENETRATOR_WAI_AND_PRIMARY_STRUCTURE_ASSY,N/A,Removed with the internal inflation architecture
BUOY-CO2-CARTRIDGE-81121,ADDED,N/A,LELAND-81121,0.000000,0.045000,0.045000,N/A,500_SPRING_EJECTOR_AFT_CLOSURE_AND_RECOVERY_ASSY/530_BUOY_MOUNTED_INFLATION_ASSY,New SHORT14/external-buoy occurrence
BUOY-GORE-01,REMOVED,DF8-R2-BUOY-GORE-01,N/A,0.023750,0.000000,-0.023750,500_SPRING_EJECTOR_AFT_CLOSURE_AND_RECOVERY_ASSY,N/A,Replaced by external buoy panels and the independent structural tether load path
BUOY-GORE-02,REMOVED,DF8-R2-BUOY-GORE-02,N/A,0.023750,0.000000,-0.023750,500_SPRING_EJECTOR_AFT_CLOSURE_AND_RECOVERY_ASSY,N/A,Replaced by external buoy panels and the independent structural tether load path
BUOY-GORE-03,REMOVED,DF8-R2-BUOY-GORE-03,N/A,0.023750,0.000000,-0.023750,500_SPRING_EJECTOR_AFT_CLOSURE_AND_RECOVERY_ASSY,N/A,Replaced by external buoy panels and the independent structural tether load path
BUOY-GORE-04,REMOVED,DF8-R2-BUOY-GORE-04,N/A,0.023750,0.000000,-0.023750,500_SPRING_EJECTOR_AFT_CLOSURE_AND_RECOVERY_ASSY,N/A,Replaced by external buoy panels and the independent structural tether load path
BUOY-GORE-05,REMOVED,DF8-R2-BUOY-GORE-05,N/A,0.023750,0.000000,-0.023750,500_SPRING_EJECTOR_AFT_CLOSURE_AND_RECOVERY_ASSY,N/A,Replaced by external buoy panels and the independent structural tether load path
BUOY-GORE-06,REMOVED,DF8-R2-BUOY-GORE-06,N/A,0.023750,0.000000,-0.023750,500_SPRING_EJECTOR_AFT_CLOSURE_AND_RECOVERY_ASSY,N/A,Replaced by external buoy panels and the independent structural tether load path
BUOY-GORE-07,REMOVED,DF8-R2-BUOY-GORE-07,N/A,0.023750,0.000000,-0.023750,500_SPRING_EJECTOR_AFT_CLOSURE_AND_RECOVERY_ASSY,N/A,Replaced by external buoy panels and the independent structural tether load path
BUOY-GORE-08,REMOVED,DF8-R2-BUOY-GORE-08,N/A,0.023750,0.000000,-0.023750,500_SPRING_EJECTOR_AFT_CLOSURE_AND_RECOVERY_ASSY,N/A,Replaced by external buoy panels and the independent structural tether load path
BUOY-INLET-MANIFOLD,ADDED,N/A,DF8-SHORT14-BUOY-INLET-MANIFOLD-001,0.000000,0.004987,0.004987,N/A,500_SPRING_EJECTOR_AFT_CLOSURE_AND_RECOVERY_ASSY/530_BUOY_MOUNTED_INFLATION_ASSY,New SHORT14/external-buoy occurrence
BUOY-INLET-PATCH,ADDED,N/A,DF8-SHORT14-BUOY-INLET-REINFORCEMENT-PATCH-001,0.000000,0.026000,0.026000,N/A,500_SPRING_EJECTOR_AFT_CLOSURE_AND_RECOVERY_ASSY/530_BUOY_MOUNTED_INFLATION_ASSY,New SHORT14/external-buoy occurrence
CARTRIDGE-CARRIER-AFT,REMOVED,DF8-R2-CARTRIDGE-CARRIER-001,N/A,0.002615,0.000000,-0.002615,100_FORWARD_PENETRATOR_WAI_AND_PRIMARY_STRUCTURE_ASSY,N/A,Removed with the internal inflation architecture
CARTRIDGE-CARRIER-FWD,REMOVED,DF8-R2-CARTRIDGE-CARRIER-001,N/A,0.002615,0.000000,-0.002615,100_FORWARD_PENETRATOR_WAI_AND_PRIMARY_STRUCTURE_ASSY,N/A,Removed with the internal inflation architecture
CG-TRIM-BALLAST-001,REMOVED,DF8-FORWARD-ARM-CG-TRIM-BALLAST-001,N/A,0.351134,0.000000,-0.351134,300_TRUE_TRANSFORM_ARM_AND_POWERTRAIN_ASSY,N/A,Removed; final exact mass properties do not require the source repack trim slug
CO2-CARTRIDGE-1,REMOVED,LELAND-81121,N/A,0.045000,0.000000,-0.045000,100_FORWARD_PENETRATOR_WAI_AND_PRIMARY_STRUCTURE_ASSY,N/A,Removed with the internal inflation architecture
CO2-CARTRIDGE-2,REMOVED,LELAND-81121,N/A,0.045000,0.000000,-0.045000,100_FORWARD_PENETRATOR_WAI_AND_PRIMARY_STRUCTURE_ASSY,N/A,Removed with the internal inflation architecture
CO2-CARTRIDGE-3,REMOVED,LELAND-81121,N/A,0.045000,0.000000,-0.045000,100_FORWARD_PENETRATOR_WAI_AND_PRIMARY_STRUCTURE_ASSY,N/A,Removed with the internal inflation architecture
CO2-CARTRIDGE-4,REMOVED,LELAND-81121,N/A,0.045000,0.000000,-0.045000,100_FORWARD_PENETRATOR_WAI_AND_PRIMARY_STRUCTURE_ASSY,N/A,Removed with the internal inflation architecture
COLLECTION-MANIFOLD-001,REMOVED,DF8-R2-COLLECTION-MANIFOLD-001,N/A,0.083679,0.000000,-0.083679,100_FORWARD_PENETRATOR_WAI_AND_PRIMARY_STRUCTURE_ASSY,N/A,Removed with the internal inflation architecture
CORDURA-CRADLE-LEFT,ADDED,N/A,DF8-SHORT14-CORDURA-CRADLE-LEFT-001,0.000000,0.057500,0.057500,N/A,500_SPRING_EJECTOR_AFT_CLOSURE_AND_RECOVERY_ASSY/520_CORDURA_BREAKAWAY_BUOY_PACK_ASSY,New SHORT14/external-buoy occurrence
CORDURA-CRADLE-RIGHT,ADDED,N/A,DF8-SHORT14-CORDURA-CRADLE-RIGHT-001,0.000000,0.057500,0.057500,N/A,500_SPRING_EJECTOR_AFT_CLOSURE_AND_RECOVERY_ASSY/520_CORDURA_BREAKAWAY_BUOY_PACK_ASSY,New SHORT14/external-buoy occurrence
CORDURA-FLAP-LEFT,ADDED,N/A,DF8-SHORT14-CORDURA-BREAKAWAY-FLAP-LEFT-001,0.000000,0.065000,0.065000,N/A,500_SPRING_EJECTOR_AFT_CLOSURE_AND_RECOVERY_ASSY/520_CORDURA_BREAKAWAY_BUOY_PACK_ASSY,New SHORT14/external-buoy occurrence
CORDURA-FLAP-RIGHT,ADDED,N/A,DF8-SHORT14-CORDURA-BREAKAWAY-FLAP-RIGHT-001,0.000000,0.065000,0.065000,N/A,500_SPRING_EJECTOR_AFT_CLOSURE_AND_RECOVERY_ASSY/520_CORDURA_BREAKAWAY_BUOY_PACK_ASSY,New SHORT14/external-buoy occurrence
CROSSHEAD-001,RETAINED_MODIFIED_DEFINITION,DF8-R2-CROSSHEAD-001,DF8-SHORT14-CROSSHEAD-001,0.012188,0.012329,0.000141,300_TRUE_TRANSFORM_ARM_AND_POWERTRAIN_ASSY,300_TRUE_TRANSFORM_ARM_AND_POWERTRAIN_ASSY,Definition transformed for the SHORT14 configuration
CROSSHEAD-GUIDE-001,RETAINED_UNCHANGED,DF8-R2-CROSSHEAD-GUIDE-001,DF8-R2-CROSSHEAD-GUIDE-001,0.011537,0.011537,0.000000,300_TRUE_TRANSFORM_ARM_AND_POWERTRAIN_ASSY,300_TRUE_TRANSFORM_ARM_AND_POWERTRAIN_ASSY,Source occurrence retained
CROSSHEAD-GUIDE-LOCK-SCREW-001,RETAINED_UNCHANGED,SSCL-M4-8-A4,SSCL-M4-8-A4,0.001120,0.001120,0.000000,300_TRUE_TRANSFORM_ARM_AND_POWERTRAIN_ASSY/390_MANDATORY_HARDWARE_ASSY,300_TRUE_TRANSFORM_ARM_AND_POWERTRAIN_ASSY/390_MANDATORY_HARDWARE_ASSY,Source occurrence retained
CROSSHEAD-GUIDE-SPIDER,RETAINED_UNCHANGED,DF8-R2-CROSSHEAD-GUIDE-SPIDER-001,DF8-R2-CROSSHEAD-GUIDE-SPIDER-001,0.001234,0.001234,0.000000,300_TRUE_TRANSFORM_ARM_AND_POWERTRAIN_ASSY,300_TRUE_TRANSFORM_ARM_AND_POWERTRAIN_ASSY,Source occurrence retained
DOOR-DETENT-1,REMOVED,GN-615.3-M3-KN-PFB,N/A,0.000483,0.000000,-0.000483,500_SPRING_EJECTOR_AFT_CLOSURE_AND_RECOVERY_ASSY,N/A,Removed with the internal follower/sleeve/door ejection architecture
DOOR-DETENT-2,REMOVED,GN-615.3-M3-KN-PFB,N/A,0.000483,0.000000,-0.000483,500_SPRING_EJECTOR_AFT_CLOSURE_AND_RECOVERY_ASSY,N/A,Removed with the internal follower/sleeve/door ejection architecture
DOOR-DETENT-3,REMOVED,GN-615.3-M3-KN-PFB,N/A,0.000483,0.000000,-0.000483,500_SPRING_EJECTOR_AFT_CLOSURE_AND_RECOVERY_ASSY,N/A,Removed with the internal follower/sleeve/door ejection architecture
DOOR-DETENT-4,REMOVED,GN-615.3-M3-KN-PFB,N/A,0.000483,0.000000,-0.000483,500_SPRING_EJECTOR_AFT_CLOSURE_AND_RECOVERY_ASSY,N/A,Removed with the internal follower/sleeve/door ejection architecture
EXT-BUOY-PANEL-01,ADDED,N/A,DF8-SHORT14-BUOY-PANEL-01,0.000000,0.023750,0.023750,N/A,500_SPRING_EJECTOR_AFT_CLOSURE_AND_RECOVERY_ASSY/520_CORDURA_BREAKAWAY_BUOY_PACK_ASSY,New SHORT14/external-buoy occurrence
EXT-BUOY-PANEL-02,ADDED,N/A,DF8-SHORT14-BUOY-PANEL-02,0.000000,0.023750,0.023750,N/A,500_SPRING_EJECTOR_AFT_CLOSURE_AND_RECOVERY_ASSY/520_CORDURA_BREAKAWAY_BUOY_PACK_ASSY,New SHORT14/external-buoy occurrence
EXT-BUOY-PANEL-03,ADDED,N/A,DF8-SHORT14-BUOY-PANEL-03,0.000000,0.023750,0.023750,N/A,500_SPRING_EJECTOR_AFT_CLOSURE_AND_RECOVERY_ASSY/520_CORDURA_BREAKAWAY_BUOY_PACK_ASSY,New SHORT14/external-buoy occurrence
EXT-BUOY-PANEL-04,ADDED,N/A,DF8-SHORT14-BUOY-PANEL-04,0.000000,0.023750,0.023750,N/A,500_SPRING_EJECTOR_AFT_CLOSURE_AND_RECOVERY_ASSY/520_CORDURA_BREAKAWAY_BUOY_PACK_ASSY,New SHORT14/external-buoy occurrence
EXT-BUOY-PANEL-05,ADDED,N/A,DF8-SHORT14-BUOY-PANEL-05,0.000000,0.023750,0.023750,N/A,500_SPRING_EJECTOR_AFT_CLOSURE_AND_RECOVERY_ASSY/520_CORDURA_BREAKAWAY_BUOY_PACK_ASSY,New SHORT14/external-buoy occurrence
EXT-BUOY-PANEL-06,ADDED,N/A,DF8-SHORT14-BUOY-PANEL-06,0.000000,0.023750,0.023750,N/A,500_SPRING_EJECTOR_AFT_CLOSURE_AND_RECOVERY_ASSY/520_CORDURA_BREAKAWAY_BUOY_PACK_ASSY,New SHORT14/external-buoy occurrence
EXT-BUOY-PANEL-07,ADDED,N/A,DF8-SHORT14-BUOY-PANEL-07,0.000000,0.023750,0.023750,N/A,500_SPRING_EJECTOR_AFT_CLOSURE_AND_RECOVERY_ASSY/520_CORDURA_BREAKAWAY_BUOY_PACK_ASSY,New SHORT14/external-buoy occurrence
EXT-BUOY-PANEL-08,ADDED,N/A,DF8-SHORT14-BUOY-PANEL-08,0.000000,0.023750,0.023750,N/A,500_SPRING_EJECTOR_AFT_CLOSURE_AND_RECOVERY_ASSY/520_CORDURA_BREAKAWAY_BUOY_PACK_ASSY,New SHORT14/external-buoy occurrence
FIXED-SECTOR-1,RETAINED_MODIFIED_DEFINITION,DF8-R2-FIXED-SECTOR-001,DF8-SHORT14-FIXED-SECTOR-001,0.340459,0.177814,-0.162645,300_TRUE_TRANSFORM_ARM_AND_POWERTRAIN_ASSY,300_TRUE_TRANSFORM_ARM_AND_POWERTRAIN_ASSY,Definition transformed for the SHORT14 configuration
FIXED-SECTOR-2,RETAINED_MODIFIED_DEFINITION,DF8-R2-FIXED-SECTOR-001,DF8-SHORT14-FIXED-SECTOR-001,0.340459,0.177814,-0.162645,300_TRUE_TRANSFORM_ARM_AND_POWERTRAIN_ASSY,300_TRUE_TRANSFORM_ARM_AND_POWERTRAIN_ASSY,Definition transformed for the SHORT14 configuration
FIXED-SECTOR-3,RETAINED_MODIFIED_DEFINITION,DF8-R2-BACKUP-ACCESS-FIXED-SECTOR-003,DF8-SHORT14-BACKUP-ACCESS-FIXED-SECTOR-003,0.339726,0.177081,-0.162645,300_TRUE_TRANSFORM_ARM_AND_POWERTRAIN_ASSY,300_TRUE_TRANSFORM_ARM_AND_POWERTRAIN_ASSY,Definition transformed for the SHORT14 configuration
FIXED-STOP-1,RETAINED_UNCHANGED,DF8-R2-FIXED-STOP-001,DF8-R2-FIXED-STOP-001,0.002394,0.002394,0.000000,300_TRUE_TRANSFORM_ARM_AND_POWERTRAIN_ASSY/331_ARM_1_ASSY,300_TRUE_TRANSFORM_ARM_AND_POWERTRAIN_ASSY/331_ARM_1_ASSY,Source occurrence retained
FIXED-STOP-2,RETAINED_UNCHANGED,DF8-R2-FIXED-STOP-001,DF8-R2-FIXED-STOP-001,0.002394,0.002394,0.000000,300_TRUE_TRANSFORM_ARM_AND_POWERTRAIN_ASSY/332_ARM_2_ASSY,300_TRUE_TRANSFORM_ARM_AND_POWERTRAIN_ASSY/332_ARM_2_ASSY,Source occurrence retained
FIXED-STOP-3,RETAINED_UNCHANGED,DF8-R2-FIXED-STOP-001,DF8-R2-FIXED-STOP-001,0.002394,0.002394,0.000000,300_TRUE_TRANSFORM_ARM_AND_POWERTRAIN_ASSY/333_ARM_3_ASSY,300_TRUE_TRANSFORM_ARM_AND_POWERTRAIN_ASSY/333_ARM_3_ASSY,Source occurrence retained
FIXED-STOP-DOWEL-1-1,RETAINED_UNCHANGED,HDP-3-8-A1,HDP-3-8-A1,0.000470,0.000470,0.000000,300_TRUE_TRANSFORM_ARM_AND_POWERTRAIN_ASSY/390_MANDATORY_HARDWARE_ASSY,300_TRUE_TRANSFORM_ARM_AND_POWERTRAIN_ASSY/390_MANDATORY_HARDWARE_ASSY,Source occurrence retained
FIXED-STOP-DOWEL-1-2,RETAINED_UNCHANGED,HDP-3-8-A1,HDP-3-8-A1,0.000470,0.000470,0.000000,300_TRUE_TRANSFORM_ARM_AND_POWERTRAIN_ASSY/390_MANDATORY_HARDWARE_ASSY,300_TRUE_TRANSFORM_ARM_AND_POWERTRAIN_ASSY/390_MANDATORY_HARDWARE_ASSY,Source occurrence retained
FIXED-STOP-DOWEL-2-1,RETAINED_UNCHANGED,HDP-3-8-A1,HDP-3-8-A1,0.000470,0.000470,0.000000,300_TRUE_TRANSFORM_ARM_AND_POWERTRAIN_ASSY/390_MANDATORY_HARDWARE_ASSY,300_TRUE_TRANSFORM_ARM_AND_POWERTRAIN_ASSY/390_MANDATORY_HARDWARE_ASSY,Source occurrence retained
FIXED-STOP-DOWEL-2-2,RETAINED_UNCHANGED,HDP-3-8-A1,HDP-3-8-A1,0.000470,0.000470,0.000000,300_TRUE_TRANSFORM_ARM_AND_POWERTRAIN_ASSY/390_MANDATORY_HARDWARE_ASSY,300_TRUE_TRANSFORM_ARM_AND_POWERTRAIN_ASSY/390_MANDATORY_HARDWARE_ASSY,Source occurrence retained
FIXED-STOP-DOWEL-3-1,RETAINED_UNCHANGED,HDP-3-8-A1,HDP-3-8-A1,0.000470,0.000470,0.000000,300_TRUE_TRANSFORM_ARM_AND_POWERTRAIN_ASSY/390_MANDATORY_HARDWARE_ASSY,300_TRUE_TRANSFORM_ARM_AND_POWERTRAIN_ASSY/390_MANDATORY_HARDWARE_ASSY,Source occurrence retained
FIXED-STOP-DOWEL-3-2,RETAINED_UNCHANGED,HDP-3-8-A1,HDP-3-8-A1,0.000470,0.000470,0.000000,300_TRUE_TRANSFORM_ARM_AND_POWERTRAIN_ASSY/390_MANDATORY_HARDWARE_ASSY,300_TRUE_TRANSFORM_ARM_AND_POWERTRAIN_ASSY/390_MANDATORY_HARDWARE_ASSY,Source occurrence retained
FIXED-STOP-SCREW-1-1,RETAINED_UNCHANGED,SSCA-M3-8-A4-BL,SSCA-M3-8-A4-BL,0.000800,0.000800,0.000000,300_TRUE_TRANSFORM_ARM_AND_POWERTRAIN_ASSY/390_MANDATORY_HARDWARE_ASSY,300_TRUE_TRANSFORM_ARM_AND_POWERTRAIN_ASSY/390_MANDATORY_HARDWARE_ASSY,Source occurrence retained
FIXED-STOP-SCREW-1-2,RETAINED_UNCHANGED,SSCA-M3-8-A4-BL,SSCA-M3-8-A4-BL,0.000800,0.000800,0.000000,300_TRUE_TRANSFORM_ARM_AND_POWERTRAIN_ASSY/390_MANDATORY_HARDWARE_ASSY,300_TRUE_TRANSFORM_ARM_AND_POWERTRAIN_ASSY/390_MANDATORY_HARDWARE_ASSY,Source occurrence retained
FIXED-STOP-SCREW-2-1,RETAINED_UNCHANGED,SSCA-M3-8-A4-BL,SSCA-M3-8-A4-BL,0.000800,0.000800,0.000000,300_TRUE_TRANSFORM_ARM_AND_POWERTRAIN_ASSY/390_MANDATORY_HARDWARE_ASSY,300_TRUE_TRANSFORM_ARM_AND_POWERTRAIN_ASSY/390_MANDATORY_HARDWARE_ASSY,Source occurrence retained
FIXED-STOP-SCREW-2-2,RETAINED_UNCHANGED,SSCA-M3-8-A4-BL,SSCA-M3-8-A4-BL,0.000800,0.000800,0.000000,300_TRUE_TRANSFORM_ARM_AND_POWERTRAIN_ASSY/390_MANDATORY_HARDWARE_ASSY,300_TRUE_TRANSFORM_ARM_AND_POWERTRAIN_ASSY/390_MANDATORY_HARDWARE_ASSY,Source occurrence retained
FIXED-STOP-SCREW-3-1,RETAINED_UNCHANGED,SSCA-M3-8-A4-BL,SSCA-M3-8-A4-BL,0.000800,0.000800,0.000000,300_TRUE_TRANSFORM_ARM_AND_POWERTRAIN_ASSY/390_MANDATORY_HARDWARE_ASSY,300_TRUE_TRANSFORM_ARM_AND_POWERTRAIN_ASSY/390_MANDATORY_HARDWARE_ASSY,Source occurrence retained
FIXED-STOP-SCREW-3-2,RETAINED_UNCHANGED,SSCA-M3-8-A4-BL,SSCA-M3-8-A4-BL,0.000800,0.000800,0.000000,300_TRUE_TRANSFORM_ARM_AND_POWERTRAIN_ASSY/390_MANDATORY_HARDWARE_ASSY,300_TRUE_TRANSFORM_ARM_AND_POWERTRAIN_ASSY/390_MANDATORY_HARDWARE_ASSY,Source occurrence retained
FULLFLOW-VALVE-001,REMOVED,DF8-R2-FULLFLOW-VALVE-001,N/A,0.020074,0.000000,-0.020074,100_FORWARD_PENETRATOR_WAI_AND_PRIMARY_STRUCTURE_ASSY,N/A,Removed with the internal inflation architecture
FULLFLOW-VALVE-CIRCLIP-001,REMOVED,HEC-10-A4,N/A,0.000410,0.000000,-0.000410,100_FORWARD_PENETRATOR_WAI_AND_PRIMARY_STRUCTURE_ASSY/190_MANDATORY_HARDWARE_ASSY,N/A,Removed with the internal inflation architecture
FWD-CARRIER-SCREW-1,REMOVED,SSK-M3-6-A4-P80,N/A,0.000360,0.000000,-0.000360,100_FORWARD_PENETRATOR_WAI_AND_PRIMARY_STRUCTURE_ASSY/190_MANDATORY_HARDWARE_ASSY,N/A,Removed with the internal inflation architecture
FWD-CARRIER-SCREW-2,REMOVED,SSK-M3-6-A4-P80,N/A,0.000360,0.000000,-0.000360,100_FORWARD_PENETRATOR_WAI_AND_PRIMARY_STRUCTURE_ASSY/190_MANDATORY_HARDWARE_ASSY,N/A,Removed with the internal inflation architecture
FWD-CARRIER-SCREW-3,REMOVED,SSK-M3-6-A4-P80,N/A,0.000360,0.000000,-0.000360,100_FORWARD_PENETRATOR_WAI_AND_PRIMARY_STRUCTURE_ASSY/190_MANDATORY_HARDWARE_ASSY,N/A,Removed with the internal inflation architecture
FWD-CARRIER-SCREW-4,REMOVED,SSK-M3-6-A4-P80,N/A,0.000360,0.000000,-0.000360,100_FORWARD_PENETRATOR_WAI_AND_PRIMARY_STRUCTURE_ASSY/190_MANDATORY_HARDWARE_ASSY,N/A,Removed with the internal inflation architecture
FWD-LONGERON-1,REMOVED,DF8-R2-FWD-LONGERON-001,N/A,0.003510,0.000000,-0.003510,100_FORWARD_PENETRATOR_WAI_AND_PRIMARY_STRUCTURE_ASSY,N/A,Replaced by the exact 1675.400 mm rigid-body stack
FWD-LONGERON-2,REMOVED,DF8-R2-FWD-LONGERON-001,N/A,0.003510,0.000000,-0.003510,100_FORWARD_PENETRATOR_WAI_AND_PRIMARY_STRUCTURE_ASSY,N/A,Replaced by the exact 1675.400 mm rigid-body stack
FWD-LONGERON-3,REMOVED,DF8-R2-FWD-LONGERON-001,N/A,0.003510,0.000000,-0.003510,100_FORWARD_PENETRATOR_WAI_AND_PRIMARY_STRUCTURE_ASSY,N/A,Replaced by the exact 1675.400 mm rigid-body stack
FWD-RING-01,REMOVED,DF8-R2-STRUCT-RING-PLAIN-001,N/A,0.032841,0.000000,-0.032841,100_FORWARD_PENETRATOR_WAI_AND_PRIMARY_STRUCTURE_ASSY,N/A,Replaced by the exact 1675.400 mm rigid-body stack
FWD-RING-02,RETAINED_MODIFIED_DEFINITION,DF8-R2-STRUCT-RING-ROUTED-001,DF8-SHORT14-BALLAST-CARRIER-TRANSITION-RING-001,0.029194,0.025715,-0.003479,100_FORWARD_PENETRATOR_WAI_AND_PRIMARY_STRUCTURE_ASSY,100_FORWARD_PENETRATOR_WAI_AND_PRIMARY_STRUCTURE_ASSY,Definition transformed for the SHORT14 configuration
FWD-SHELL-001,REMOVED,DF8-R2-FWD-SHELL-001,N/A,0.098188,0.000000,-0.098188,100_FORWARD_PENETRATOR_WAI_AND_PRIMARY_STRUCTURE_ASSY,N/A,Replaced by the exact 1675.400 mm rigid-body stack
GLAND-BOWDEN-SHEATH-AFT,REMOVED,DF8-FINAL-BOWDEN-SHEATH-RING-GLAND,N/A,0.000684,0.000000,-0.000684,300_TRUE_TRANSFORM_ARM_AND_POWERTRAIN_ASSY,N/A,Route deleted because its internal buoy architecture endpoints were removed
GLAND-BOWDEN-SHEATH-FWD,REMOVED,DF8-FINAL-BOWDEN-SHEATH-RING-GLAND,N/A,0.000684,0.000000,-0.000684,300_TRUE_TRANSFORM_ARM_AND_POWERTRAIN_ASSY,N/A,Route deleted because its internal buoy architecture endpoints were removed
GLAND-GAS-MAIN-AFT,REMOVED,DF8-FINAL-GAS-MAIN-RING-GLAND,N/A,0.000783,0.000000,-0.000783,300_TRUE_TRANSFORM_ARM_AND_POWERTRAIN_ASSY,N/A,Route deleted because its internal buoy architecture endpoints were removed
GLAND-GAS-MAIN-FWD,REMOVED,DF8-FINAL-GAS-MAIN-RING-GLAND,N/A,0.000783,0.000000,-0.000783,300_TRUE_TRANSFORM_ARM_AND_POWERTRAIN_ASSY,N/A,Route deleted because its internal buoy architecture endpoints were removed
GLAND-PILOT-LINE-AFT,REMOVED,DF8-FINAL-PILOT-LINE-RING-GLAND,N/A,0.000659,0.000000,-0.000659,300_TRUE_TRANSFORM_ARM_AND_POWERTRAIN_ASSY,N/A,Route deleted because its internal buoy architecture endpoints were removed
GLAND-PILOT-LINE-FWD,REMOVED,DF8-FINAL-PILOT-LINE-RING-GLAND,N/A,0.000659,0.000000,-0.000659,300_TRUE_TRANSFORM_ARM_AND_POWERTRAIN_ASSY,N/A,Route deleted because its internal buoy architecture endpoints were removed
GS19-BODY-001,RETAINED_UNCHANGED,GS-19-50-V4A-B8-B8,GS-19-50-V4A-B8-B8,0.124000,0.124000,0.000000,300_TRUE_TRANSFORM_ARM_AND_POWERTRAIN_ASSY,300_TRUE_TRANSFORM_ARM_AND_POWERTRAIN_ASSY,Source occurrence retained
GS19-CLIP-FIXED,RETAINED_UNCHANGED,DF8-R2-ACTUATOR-E-RING-004,DF8-R2-ACTUATOR-E-RING-004,0.000043,0.000043,0.000000,300_TRUE_TRANSFORM_ARM_AND_POWERTRAIN_ASSY,300_TRUE_TRANSFORM_ARM_AND_POWERTRAIN_ASSY,Source occurrence retained
GS19-CLIP-MOVING,RETAINED_UNCHANGED,DF8-R2-ACTUATOR-E-RING-004,DF8-R2-ACTUATOR-E-RING-004,0.000043,0.000043,0.000000,300_TRUE_TRANSFORM_ARM_AND_POWERTRAIN_ASSY,300_TRUE_TRANSFORM_ARM_AND_POWERTRAIN_ASSY,Source occurrence retained
GS19-FIXED-YOKE,RETAINED_UNCHANGED,DF8-R2-ACTUATOR-FIXED-YOKE-GS19-001,DF8-R2-ACTUATOR-FIXED-YOKE-GS19-001,0.003134,0.003134,0.000000,300_TRUE_TRANSFORM_ARM_AND_POWERTRAIN_ASSY,300_TRUE_TRANSFORM_ARM_AND_POWERTRAIN_ASSY,Source occurrence retained
GS19-PIN-FIXED,RETAINED_UNCHANGED,DF8-R2-ACTUATOR-PIN-004,DF8-R2-ACTUATOR-PIN-004,0.001280,0.001280,0.000000,300_TRUE_TRANSFORM_ARM_AND_POWERTRAIN_ASSY,300_TRUE_TRANSFORM_ARM_AND_POWERTRAIN_ASSY,Source occurrence retained
GS19-PIN-MOVING,RETAINED_UNCHANGED,DF8-R2-ACTUATOR-PIN-004,DF8-R2-ACTUATOR-PIN-004,0.001280,0.001280,0.000000,300_TRUE_TRANSFORM_ARM_AND_POWERTRAIN_ASSY,300_TRUE_TRANSFORM_ARM_AND_POWERTRAIN_ASSY,Source occurrence retained
GS19-ROD-001,RETAINED_UNCHANGED,GS-19-50-V4A-B8-B8-ROD-CHILD,GS-19-50-V4A-B8-B8-ROD-CHILD,0.020000,0.020000,0.000000,300_TRUE_TRANSFORM_ARM_AND_POWERTRAIN_ASSY,300_TRUE_TRANSFORM_ARM_AND_POWERTRAIN_ASSY,Source occurrence retained
GUIDE-RAIL-1-SCREW-AFT,REMOVED,SSCA-M3-8-A4-BL,N/A,0.000800,0.000000,-0.000800,500_SPRING_EJECTOR_AFT_CLOSURE_AND_RECOVERY_ASSY/590_MANDATORY_HARDWARE_ASSY,N/A,Removed with the internal follower/sleeve/door ejection architecture
GUIDE-RAIL-1-SCREW-FWD,REMOVED,SSCA-M3-8-A4-BL,N/A,0.000800,0.000000,-0.000800,500_SPRING_EJECTOR_AFT_CLOSURE_AND_RECOVERY_ASSY/590_MANDATORY_HARDWARE_ASSY,N/A,Removed with the internal follower/sleeve/door ejection architecture
GUIDE-RAIL-2-SCREW-AFT,REMOVED,SSCA-M3-8-A4-BL,N/A,0.000800,0.000000,-0.000800,500_SPRING_EJECTOR_AFT_CLOSURE_AND_RECOVERY_ASSY/590_MANDATORY_HARDWARE_ASSY,N/A,Removed with the internal follower/sleeve/door ejection architecture
GUIDE-RAIL-2-SCREW-FWD,REMOVED,SSCA-M3-8-A4-BL,N/A,0.000800,0.000000,-0.000800,500_SPRING_EJECTOR_AFT_CLOSURE_AND_RECOVERY_ASSY/590_MANDATORY_HARDWARE_ASSY,N/A,Removed with the internal follower/sleeve/door ejection architecture
GUIDE-RAIL-3-SCREW-AFT,REMOVED,SSCA-M3-8-A4-BL,N/A,0.000800,0.000000,-0.000800,500_SPRING_EJECTOR_AFT_CLOSURE_AND_RECOVERY_ASSY/590_MANDATORY_HARDWARE_ASSY,N/A,Removed with the internal follower/sleeve/door ejection architecture
GUIDE-RAIL-3-SCREW-FWD,REMOVED,SSCA-M3-8-A4-BL,N/A,0.000800,0.000000,-0.000800,500_SPRING_EJECTOR_AFT_CLOSURE_AND_RECOVERY_ASSY/590_MANDATORY_HARDWARE_ASSY,N/A,Removed with the internal follower/sleeve/door ejection architecture
HARNESS-BAND-1,REMOVED,DF8-R2-HARNESS-BAND-1,N/A,0.045000,0.000000,-0.045000,500_SPRING_EJECTOR_AFT_CLOSURE_AND_RECOVERY_ASSY,N/A,Replaced by external buoy panels and the independent structural tether load path
HARNESS-BAND-2,REMOVED,DF8-R2-HARNESS-BAND-2,N/A,0.045000,0.000000,-0.045000,500_SPRING_EJECTOR_AFT_CLOSURE_AND_RECOVERY_ASSY,N/A,Replaced by external buoy panels and the independent structural tether load path
HARNESS-LEG-XN,REMOVED,DF8-R2-HARNESS-LEG-XN,N/A,0.007500,0.000000,-0.007500,500_SPRING_EJECTOR_AFT_CLOSURE_AND_RECOVERY_ASSY,N/A,Replaced by external buoy panels and the independent structural tether load path
HARNESS-LEG-XP,REMOVED,DF8-R2-HARNESS-LEG-XP,N/A,0.007500,0.000000,-0.007500,500_SPRING_EJECTOR_AFT_CLOSURE_AND_RECOVERY_ASSY,N/A,Replaced by external buoy panels and the independent structural tether load path
HARNESS-LEG-YN,REMOVED,DF8-R2-HARNESS-LEG-YN,N/A,0.007500,0.000000,-0.007500,500_SPRING_EJECTOR_AFT_CLOSURE_AND_RECOVERY_ASSY,N/A,Replaced by external buoy panels and the independent structural tether load path
HARNESS-LEG-YP,REMOVED,DF8-R2-HARNESS-LEG-YP,N/A,0.007500,0.000000,-0.007500,500_SPRING_EJECTOR_AFT_CLOSURE_AND_RECOVERY_ASSY,N/A,Replaced by external buoy panels and the independent structural tether load path
HARNESS-TERMINAL-001,REMOVED,WP04-HST-001-R2,N/A,0.015609,0.000000,-0.015609,500_SPRING_EJECTOR_AFT_CLOSURE_AND_RECOVERY_ASSY,N/A,Replaced by external buoy panels and the independent structural tether load path
HBD-BODY-001,RETAINED_UNCHANGED,HBD-15-25-AA-P,HBD-15-25-AA-P,0.190000,0.190000,0.000000,300_TRUE_TRANSFORM_ARM_AND_POWERTRAIN_ASSY,300_TRUE_TRANSFORM_ARM_AND_POWERTRAIN_ASSY,Source occurrence retained
HBD-CLIP-FIXED,RETAINED_UNCHANGED,DF8-R2-ACTUATOR-E-RING-004,DF8-R2-ACTUATOR-E-RING-004,0.000043,0.000043,0.000000,300_TRUE_TRANSFORM_ARM_AND_POWERTRAIN_ASSY,300_TRUE_TRANSFORM_ARM_AND_POWERTRAIN_ASSY,Source occurrence retained
HBD-CLIP-MOVING,RETAINED_UNCHANGED,DF8-R2-ACTUATOR-E-RING-004,DF8-R2-ACTUATOR-E-RING-004,0.000043,0.000043,0.000000,300_TRUE_TRANSFORM_ARM_AND_POWERTRAIN_ASSY,300_TRUE_TRANSFORM_ARM_AND_POWERTRAIN_ASSY,Source occurrence retained
HBD-FIXED-YOKE,RETAINED_UNCHANGED,DF8-R2-ACTUATOR-FIXED-YOKE-HBD-001,DF8-R2-ACTUATOR-FIXED-YOKE-HBD-001,0.003098,0.003098,0.000000,300_TRUE_TRANSFORM_ARM_AND_POWERTRAIN_ASSY,300_TRUE_TRANSFORM_ARM_AND_POWERTRAIN_ASSY,Source occurrence retained
HBD-PIN-FIXED,RETAINED_UNCHANGED,DF8-R2-ACTUATOR-PIN-004,DF8-R2-ACTUATOR-PIN-004,0.001280,0.001280,0.000000,300_TRUE_TRANSFORM_ARM_AND_POWERTRAIN_ASSY,300_TRUE_TRANSFORM_ARM_AND_POWERTRAIN_ASSY,Source occurrence retained
HBD-PIN-MOVING,RETAINED_UNCHANGED,DF8-R2-ACTUATOR-PIN-004,DF8-R2-ACTUATOR-PIN-004,0.001280,0.001280,0.000000,300_TRUE_TRANSFORM_ARM_AND_POWERTRAIN_ASSY,300_TRUE_TRANSFORM_ARM_AND_POWERTRAIN_ASSY,Source occurrence retained
HBD-ROD-001,RETAINED_UNCHANGED,HBD-15-25-AA-P-ROD-CHILD,HBD-15-25-AA-P-ROD-CHILD,0.030000,0.030000,0.000000,300_TRUE_TRANSFORM_ARM_AND_POWERTRAIN_ASSY,300_TRUE_TRANSFORM_ARM_AND_POWERTRAIN_ASSY,Source occurrence retained
HOOK-STRIP,ADDED,N/A,DF8-SHORT14-HOOK-STRIP-001,0.000000,0.012000,0.012000,N/A,500_SPRING_EJECTOR_AFT_CLOSURE_AND_RECOVERY_ASSY/520_CORDURA_BREAKAWAY_BUOY_PACK_ASSY,New SHORT14/external-buoy occurrence
HYDRO-1F-INFLATOR-PROXY,ADDED,N/A,HALKEY-ROBERTS-HYDRO-1F-V95000XXB_PROXY,0.000000,0.180000,0.180000,N/A,500_SPRING_EJECTOR_AFT_CLOSURE_AND_RECOVERY_ASSY/530_BUOY_MOUNTED_INFLATION_ASSY,New SHORT14/external-buoy occurrence
HYDRO-1F-WATER-BOBBIN-V80040,ADDED,N/A,V80040,0.000000,0.001696,0.001696,N/A,500_SPRING_EJECTOR_AFT_CLOSURE_AND_RECOVERY_ASSY/530_BUOY_MOUNTED_INFLATION_ASSY,New SHORT14/external-buoy occurrence
INFLATOR-GUARD,ADDED,N/A,DF8-SHORT14-INFLATOR-GUARD-001,0.000000,0.055000,0.055000,N/A,500_SPRING_EJECTOR_AFT_CLOSURE_AND_RECOVERY_ASSY/530_BUOY_MOUNTED_INFLATION_ASSY,New SHORT14/external-buoy occurrence
LATCH-SUPPORT-BRACKET,REMOVED,WP04-LATCH-SUPPORT-R2,N/A,0.001255,0.000000,-0.001255,500_SPRING_EJECTOR_AFT_CLOSURE_AND_RECOVERY_ASSY/590_MANDATORY_HARDWARE_ASSY,N/A,Removed with the internal follower/sleeve/door ejection architecture
LINK-1-1,RETAINED_UNCHANGED,DF8-R2-SHORT-LINK-001,DF8-R2-SHORT-LINK-001,0.000859,0.000859,0.000000,300_TRUE_TRANSFORM_ARM_AND_POWERTRAIN_ASSY/331_ARM_1_ASSY,300_TRUE_TRANSFORM_ARM_AND_POWERTRAIN_ASSY/331_ARM_1_ASSY,Source occurrence retained
LINK-1-2,RETAINED_UNCHANGED,DF8-R2-SHORT-LINK-001,DF8-R2-SHORT-LINK-001,0.000859,0.000859,0.000000,300_TRUE_TRANSFORM_ARM_AND_POWERTRAIN_ASSY/331_ARM_1_ASSY,300_TRUE_TRANSFORM_ARM_AND_POWERTRAIN_ASSY/331_ARM_1_ASSY,Source occurrence retained
LINK-2-1,RETAINED_UNCHANGED,DF8-R2-SHORT-LINK-001,DF8-R2-SHORT-LINK-001,0.000859,0.000859,0.000000,300_TRUE_TRANSFORM_ARM_AND_POWERTRAIN_ASSY/332_ARM_2_ASSY,300_TRUE_TRANSFORM_ARM_AND_POWERTRAIN_ASSY/332_ARM_2_ASSY,Source occurrence retained
LINK-2-2,RETAINED_UNCHANGED,DF8-R2-SHORT-LINK-001,DF8-R2-SHORT-LINK-001,0.000859,0.000859,0.000000,300_TRUE_TRANSFORM_ARM_AND_POWERTRAIN_ASSY/332_ARM_2_ASSY,300_TRUE_TRANSFORM_ARM_AND_POWERTRAIN_ASSY/332_ARM_2_ASSY,Source occurrence retained
LINK-3-1,RETAINED_UNCHANGED,DF8-R2-SHORT-LINK-001,DF8-R2-SHORT-LINK-001,0.000859,0.000859,0.000000,300_TRUE_TRANSFORM_ARM_AND_POWERTRAIN_ASSY/333_ARM_3_ASSY,300_TRUE_TRANSFORM_ARM_AND_POWERTRAIN_ASSY/333_ARM_3_ASSY,Source occurrence retained
LINK-3-2,RETAINED_UNCHANGED,DF8-R2-SHORT-LINK-001,DF8-R2-SHORT-LINK-001,0.000859,0.000859,0.000000,300_TRUE_TRANSFORM_ARM_AND_POWERTRAIN_ASSY/333_ARM_3_ASSY,300_TRUE_TRANSFORM_ARM_AND_POWERTRAIN_ASSY/333_ARM_3_ASSY,Source occurrence retained
LINK-CLIP-1-BELL,RETAINED_UNCHANGED,ROTOR-CLIP-DC-4SS,ROTOR-CLIP-DC-4SS,0.000029,0.000029,0.000000,300_TRUE_TRANSFORM_ARM_AND_POWERTRAIN_ASSY/331_ARM_1_ASSY,300_TRUE_TRANSFORM_ARM_AND_POWERTRAIN_ASSY/331_ARM_1_ASSY,Source occurrence retained
LINK-CLIP-1-CROSSHEAD,RETAINED_UNCHANGED,ROTOR-CLIP-DC-4SS,ROTOR-CLIP-DC-4SS,0.000029,0.000029,0.000000,300_TRUE_TRANSFORM_ARM_AND_POWERTRAIN_ASSY/331_ARM_1_ASSY,300_TRUE_TRANSFORM_ARM_AND_POWERTRAIN_ASSY/331_ARM_1_ASSY,Source occurrence retained
LINK-CLIP-2-BELL,RETAINED_UNCHANGED,ROTOR-CLIP-DC-4SS,ROTOR-CLIP-DC-4SS,0.000029,0.000029,0.000000,300_TRUE_TRANSFORM_ARM_AND_POWERTRAIN_ASSY/332_ARM_2_ASSY,300_TRUE_TRANSFORM_ARM_AND_POWERTRAIN_ASSY/332_ARM_2_ASSY,Source occurrence retained
LINK-CLIP-2-CROSSHEAD,RETAINED_UNCHANGED,ROTOR-CLIP-DC-4SS,ROTOR-CLIP-DC-4SS,0.000029,0.000029,0.000000,300_TRUE_TRANSFORM_ARM_AND_POWERTRAIN_ASSY/332_ARM_2_ASSY,300_TRUE_TRANSFORM_ARM_AND_POWERTRAIN_ASSY/332_ARM_2_ASSY,Source occurrence retained
LINK-CLIP-3-BELL,RETAINED_UNCHANGED,ROTOR-CLIP-DC-4SS,ROTOR-CLIP-DC-4SS,0.000029,0.000029,0.000000,300_TRUE_TRANSFORM_ARM_AND_POWERTRAIN_ASSY/333_ARM_3_ASSY,300_TRUE_TRANSFORM_ARM_AND_POWERTRAIN_ASSY/333_ARM_3_ASSY,Source occurrence retained
LINK-CLIP-3-CROSSHEAD,RETAINED_UNCHANGED,ROTOR-CLIP-DC-4SS,ROTOR-CLIP-DC-4SS,0.000029,0.000029,0.000000,300_TRUE_TRANSFORM_ARM_AND_POWERTRAIN_ASSY/333_ARM_3_ASSY,300_TRUE_TRANSFORM_ARM_AND_POWERTRAIN_ASSY/333_ARM_3_ASSY,Source occurrence retained
LINK-PIN-1-BELL,RETAINED_UNCHANGED,DF8-R2-LINK-PIN-004,DF8-R2-LINK-PIN-004,0.001443,0.001443,0.000000,300_TRUE_TRANSFORM_ARM_AND_POWERTRAIN_ASSY/331_ARM_1_ASSY,300_TRUE_TRANSFORM_ARM_AND_POWERTRAIN_ASSY/331_ARM_1_ASSY,Source occurrence retained
LINK-PIN-1-CROSSHEAD,RETAINED_UNCHANGED,DF8-R2-LINK-PIN-004,DF8-R2-LINK-PIN-004,0.001443,0.001443,0.000000,300_TRUE_TRANSFORM_ARM_AND_POWERTRAIN_ASSY/331_ARM_1_ASSY,300_TRUE_TRANSFORM_ARM_AND_POWERTRAIN_ASSY/331_ARM_1_ASSY,Source occurrence retained
LINK-PIN-2-BELL,RETAINED_UNCHANGED,DF8-R2-LINK-PIN-004,DF8-R2-LINK-PIN-004,0.001443,0.001443,0.000000,300_TRUE_TRANSFORM_ARM_AND_POWERTRAIN_ASSY/332_ARM_2_ASSY,300_TRUE_TRANSFORM_ARM_AND_POWERTRAIN_ASSY/332_ARM_2_ASSY,Source occurrence retained
LINK-PIN-2-CROSSHEAD,RETAINED_UNCHANGED,DF8-R2-LINK-PIN-004,DF8-R2-LINK-PIN-004,0.001443,0.001443,0.000000,300_TRUE_TRANSFORM_ARM_AND_POWERTRAIN_ASSY/332_ARM_2_ASSY,300_TRUE_TRANSFORM_ARM_AND_POWERTRAIN_ASSY/332_ARM_2_ASSY,Source occurrence retained
LINK-PIN-3-BELL,RETAINED_UNCHANGED,DF8-R2-LINK-PIN-004,DF8-R2-LINK-PIN-004,0.001443,0.001443,0.000000,300_TRUE_TRANSFORM_ARM_AND_POWERTRAIN_ASSY/333_ARM_3_ASSY,300_TRUE_TRANSFORM_ARM_AND_POWERTRAIN_ASSY/333_ARM_3_ASSY,Source occurrence retained
LINK-PIN-3-CROSSHEAD,RETAINED_UNCHANGED,DF8-R2-LINK-PIN-004,DF8-R2-LINK-PIN-004,0.001443,0.001443,0.000000,300_TRUE_TRANSFORM_ARM_AND_POWERTRAIN_ASSY/333_ARM_3_ASSY,300_TRUE_TRANSFORM_ARM_AND_POWERTRAIN_ASSY/333_ARM_3_ASSY,Source occurrence retained
LOCK-BUSHING-1,RETAINED_UNCHANGED,DF8-R2-AUTO-LOCK-BUSHING-001,DF8-R2-AUTO-LOCK-BUSHING-001,0.000000,0.000000,0.000000,300_TRUE_TRANSFORM_ARM_AND_POWERTRAIN_ASSY/331_ARM_1_ASSY,300_TRUE_TRANSFORM_ARM_AND_POWERTRAIN_ASSY/331_ARM_1_ASSY,Source occurrence retained
LOCK-BUSHING-2,RETAINED_UNCHANGED,DF8-R2-AUTO-LOCK-BUSHING-001,DF8-R2-AUTO-LOCK-BUSHING-001,0.000000,0.000000,0.000000,300_TRUE_TRANSFORM_ARM_AND_POWERTRAIN_ASSY/332_ARM_2_ASSY,300_TRUE_TRANSFORM_ARM_AND_POWERTRAIN_ASSY/332_ARM_2_ASSY,Source occurrence retained
LOCK-BUSHING-3,RETAINED_UNCHANGED,DF8-R2-AUTO-LOCK-BUSHING-001,DF8-R2-AUTO-LOCK-BUSHING-001,0.000000,0.000000,0.000000,300_TRUE_TRANSFORM_ARM_AND_POWERTRAIN_ASSY/333_ARM_3_ASSY,300_TRUE_TRANSFORM_ARM_AND_POWERTRAIN_ASSY/333_ARM_3_ASSY,Source occurrence retained
LOCK-DOG-1,RETAINED_UNCHANGED,DF8-R2-AUTO-LOCK-DOG-001,DF8-R2-AUTO-LOCK-DOG-001,0.000008,0.000008,0.000000,300_TRUE_TRANSFORM_ARM_AND_POWERTRAIN_ASSY/331_ARM_1_ASSY,300_TRUE_TRANSFORM_ARM_AND_POWERTRAIN_ASSY/331_ARM_1_ASSY,Source occurrence retained
LOCK-DOG-2,RETAINED_UNCHANGED,DF8-R2-AUTO-LOCK-DOG-001,DF8-R2-AUTO-LOCK-DOG-001,0.000008,0.000008,0.000000,300_TRUE_TRANSFORM_ARM_AND_POWERTRAIN_ASSY/332_ARM_2_ASSY,300_TRUE_TRANSFORM_ARM_AND_POWERTRAIN_ASSY/332_ARM_2_ASSY,Source occurrence retained
LOCK-DOG-3,RETAINED_UNCHANGED,DF8-R2-AUTO-LOCK-DOG-001,DF8-R2-AUTO-LOCK-DOG-001,0.000008,0.000008,0.000000,300_TRUE_TRANSFORM_ARM_AND_POWERTRAIN_ASSY/333_ARM_3_ASSY,300_TRUE_TRANSFORM_ARM_AND_POWERTRAIN_ASSY/333_ARM_3_ASSY,Source occurrence retained
LOCK-SPRING-1,RETAINED_UNCHANGED,DF8-R2-AUTO-LOCK-SPRING-001,DF8-R2-AUTO-LOCK-SPRING-001,0.000003,0.000003,0.000000,300_TRUE_TRANSFORM_ARM_AND_POWERTRAIN_ASSY/331_ARM_1_ASSY,300_TRUE_TRANSFORM_ARM_AND_POWERTRAIN_ASSY/331_ARM_1_ASSY,Source occurrence retained
LOCK-SPRING-2,RETAINED_UNCHANGED,DF8-R2-AUTO-LOCK-SPRING-001,DF8-R2-AUTO-LOCK-SPRING-001,0.000003,0.000003,0.000000,300_TRUE_TRANSFORM_ARM_AND_POWERTRAIN_ASSY/332_ARM_2_ASSY,300_TRUE_TRANSFORM_ARM_AND_POWERTRAIN_ASSY/332_ARM_2_ASSY,Source occurrence retained
LOCK-SPRING-3,RETAINED_UNCHANGED,DF8-R2-AUTO-LOCK-SPRING-001,DF8-R2-AUTO-LOCK-SPRING-001,0.000003,0.000003,0.000000,300_TRUE_TRANSFORM_ARM_AND_POWERTRAIN_ASSY/333_ARM_3_ASSY,300_TRUE_TRANSFORM_ARM_AND_POWERTRAIN_ASSY/333_ARM_3_ASSY,Source occurrence retained
LOOP-STRIP,ADDED,N/A,DF8-SHORT14-LOOP-STRIP-001,0.000000,0.012000,0.012000,N/A,500_SPRING_EJECTOR_AFT_CLOSURE_AND_RECOVERY_ASSY/520_CORDURA_BREAKAWAY_BUOY_PACK_ASSY,New SHORT14/external-buoy occurrence
MANIFOLD-CARRIER-SCREW-1,REMOVED,SSCF-M3-6-A4,N/A,0.000710,0.000000,-0.000710,100_FORWARD_PENETRATOR_WAI_AND_PRIMARY_STRUCTURE_ASSY/190_MANDATORY_HARDWARE_ASSY,N/A,Removed with the internal inflation architecture
MANIFOLD-CARRIER-SCREW-2,REMOVED,SSCF-M3-6-A4,N/A,0.000710,0.000000,-0.000710,100_FORWARD_PENETRATOR_WAI_AND_PRIMARY_STRUCTURE_ASSY/190_MANDATORY_HARDWARE_ASSY,N/A,Removed with the internal inflation architecture
MANIFOLD-CARRIER-SCREW-3,REMOVED,SSCF-M3-6-A4,N/A,0.000710,0.000000,-0.000710,100_FORWARD_PENETRATOR_WAI_AND_PRIMARY_STRUCTURE_ASSY/190_MANDATORY_HARDWARE_ASSY,N/A,Removed with the internal inflation architecture
MANIFOLD-CARRIER-SCREW-4,REMOVED,SSCF-M3-6-A4,N/A,0.000710,0.000000,-0.000710,100_FORWARD_PENETRATOR_WAI_AND_PRIMARY_STRUCTURE_ASSY/190_MANDATORY_HARDWARE_ASSY,N/A,Removed with the internal inflation architecture
MANIFOLD-FEED-CLAMP-1,REMOVED,DF8-FINAL-MANIFOLD-FEED-SPRING-CLIP-001,N/A,0.000154,0.000000,-0.000154,100_FORWARD_PENETRATOR_WAI_AND_PRIMARY_STRUCTURE_ASSY,N/A,Removed with the internal inflation architecture
MANIFOLD-FEED-CLAMP-2,REMOVED,DF8-FINAL-MANIFOLD-FEED-SPRING-CLIP-001,N/A,0.000154,0.000000,-0.000154,100_FORWARD_PENETRATOR_WAI_AND_PRIMARY_STRUCTURE_ASSY,N/A,Removed with the internal inflation architecture
MANIFOLD-FEED-CLAMP-3,REMOVED,DF8-FINAL-MANIFOLD-FEED-SPRING-CLIP-001,N/A,0.000154,0.000000,-0.000154,100_FORWARD_PENETRATOR_WAI_AND_PRIMARY_STRUCTURE_ASSY,N/A,Removed with the internal inflation architecture
MANUAL-PULL-LANYARD,ADDED,N/A,DF8-SHORT14-MANUAL-PULL-LANYARD-001,0.000000,0.008000,0.008000,N/A,500_SPRING_EJECTOR_AFT_CLOSURE_AND_RECOVERY_ASSY/530_BUOY_MOUNTED_INFLATION_ASSY,New SHORT14/external-buoy occurrence
MANUAL-PULL-TAB,ADDED,N/A,DF8-SHORT14-MANUAL-PULL-TAB-001,0.000000,0.018000,0.018000,N/A,500_SPRING_EJECTOR_AFT_CLOSURE_AND_RECOVERY_ASSY/530_BUOY_MOUNTED_INFLATION_ASSY,New SHORT14/external-buoy occurrence
NOSE-001,RETAINED_UNCHANGED,DF8-R2-NOSE-001,DF8-R2-NOSE-001,2.217316,2.217316,0.000000,100_FORWARD_PENETRATOR_WAI_AND_PRIMARY_STRUCTURE_ASSY,100_FORWARD_PENETRATOR_WAI_AND_PRIMARY_STRUCTURE_ASSY,Source occurrence retained
NOSE-BALLAST-TAPER-PIN-001,RETAINED_UNCHANGED,HTP-3-30-A1,HTP-3-30-A1,0.002033,0.002033,0.000000,100_FORWARD_PENETRATOR_WAI_AND_PRIMARY_STRUCTURE_ASSY/190_MANDATORY_HARDWARE_ASSY,100_FORWARD_PENETRATOR_WAI_AND_PRIMARY_STRUCTURE_ASSY/190_MANDATORY_HARDWARE_ASSY,Source occurrence retained
PACK-ATTACHMENT-COLLAR-1,ADDED,N/A,DF8-SHORT14-PACK-ATTACHMENT-COLLAR-001,0.000000,0.005334,0.005334,N/A,500_SPRING_EJECTOR_AFT_CLOSURE_AND_RECOVERY_ASSY/510_SHORTENED_AFT_STRUCTURE_ASSY,New SHORT14/external-buoy occurrence
PACK-ATTACHMENT-COLLAR-2,ADDED,N/A,DF8-SHORT14-PACK-ATTACHMENT-COLLAR-001,0.000000,0.005334,0.005334,N/A,500_SPRING_EJECTOR_AFT_CLOSURE_AND_RECOVERY_ASSY/510_SHORTENED_AFT_STRUCTURE_ASSY,New SHORT14/external-buoy occurrence
PACK-ATTACHMENT-WEBBING-1,ADDED,N/A,DF8-SHORT14-PACK-ATTACHMENT-WEBBING-001,0.000000,0.028000,0.028000,N/A,500_SPRING_EJECTOR_AFT_CLOSURE_AND_RECOVERY_ASSY/520_CORDURA_BREAKAWAY_BUOY_PACK_ASSY,New SHORT14/external-buoy occurrence
PACK-ATTACHMENT-WEBBING-2,ADDED,N/A,DF8-SHORT14-PACK-ATTACHMENT-WEBBING-001,0.000000,0.028000,0.028000,N/A,500_SPRING_EJECTOR_AFT_CLOSURE_AND_RECOVERY_ASSY/520_CORDURA_BREAKAWAY_BUOY_PACK_ASSY,New SHORT14/external-buoy occurrence
PACK-EDGE-BAND-1,ADDED,N/A,DF8-SHORT14-PACK-EDGE-BAND-001,0.000000,0.020000,0.020000,N/A,500_SPRING_EJECTOR_AFT_CLOSURE_AND_RECOVERY_ASSY/520_CORDURA_BREAKAWAY_BUOY_PACK_ASSY,New SHORT14/external-buoy occurrence
PACK-EDGE-BAND-2,ADDED,N/A,DF8-SHORT14-PACK-EDGE-BAND-001,0.000000,0.020000,0.020000,N/A,500_SPRING_EJECTOR_AFT_CLOSURE_AND_RECOVERY_ASSY/520_CORDURA_BREAKAWAY_BUOY_PACK_ASSY,New SHORT14/external-buoy occurrence
PACK-RADIAL-TIE-1-1,ADDED,N/A,DF8-SHORT14-PACK-RADIAL-TIE-1-1,0.000000,0.004000,0.004000,N/A,500_SPRING_EJECTOR_AFT_CLOSURE_AND_RECOVERY_ASSY/520_CORDURA_BREAKAWAY_BUOY_PACK_ASSY,New SHORT14/external-buoy occurrence
PACK-RADIAL-TIE-1-2,ADDED,N/A,DF8-SHORT14-PACK-RADIAL-TIE-1-2,0.000000,0.004000,0.004000,N/A,500_SPRING_EJECTOR_AFT_CLOSURE_AND_RECOVERY_ASSY/520_CORDURA_BREAKAWAY_BUOY_PACK_ASSY,New SHORT14/external-buoy occurrence
PACK-RADIAL-TIE-1-3,ADDED,N/A,DF8-SHORT14-PACK-RADIAL-TIE-1-3,0.000000,0.004000,0.004000,N/A,500_SPRING_EJECTOR_AFT_CLOSURE_AND_RECOVERY_ASSY/520_CORDURA_BREAKAWAY_BUOY_PACK_ASSY,New SHORT14/external-buoy occurrence
PACK-RADIAL-TIE-2-1,ADDED,N/A,DF8-SHORT14-PACK-RADIAL-TIE-2-1,0.000000,0.004000,0.004000,N/A,500_SPRING_EJECTOR_AFT_CLOSURE_AND_RECOVERY_ASSY/520_CORDURA_BREAKAWAY_BUOY_PACK_ASSY,New SHORT14/external-buoy occurrence
PACK-RADIAL-TIE-2-2,ADDED,N/A,DF8-SHORT14-PACK-RADIAL-TIE-2-2,0.000000,0.004000,0.004000,N/A,500_SPRING_EJECTOR_AFT_CLOSURE_AND_RECOVERY_ASSY/520_CORDURA_BREAKAWAY_BUOY_PACK_ASSY,New SHORT14/external-buoy occurrence
PACK-RADIAL-TIE-2-3,ADDED,N/A,DF8-SHORT14-PACK-RADIAL-TIE-2-3,0.000000,0.004000,0.004000,N/A,500_SPRING_EJECTOR_AFT_CLOSURE_AND_RECOVERY_ASSY/520_CORDURA_BREAKAWAY_BUOY_PACK_ASSY,New SHORT14/external-buoy occurrence
PIVOT-BUSH-1-1,RETAINED_UNCHANGED,DF8-R2-PIVOT-BUSH-008,DF8-R2-PIVOT-BUSH-008,0.000009,0.000009,0.000000,300_TRUE_TRANSFORM_ARM_AND_POWERTRAIN_ASSY/331_ARM_1_ASSY,300_TRUE_TRANSFORM_ARM_AND_POWERTRAIN_ASSY/331_ARM_1_ASSY,Source occurrence retained
PIVOT-BUSH-1-2,RETAINED_UNCHANGED,DF8-R2-PIVOT-BUSH-008,DF8-R2-PIVOT-BUSH-008,0.000009,0.000009,0.000000,300_TRUE_TRANSFORM_ARM_AND_POWERTRAIN_ASSY/331_ARM_1_ASSY,300_TRUE_TRANSFORM_ARM_AND_POWERTRAIN_ASSY/331_ARM_1_ASSY,Source occurrence retained
PIVOT-BUSH-2-1,RETAINED_UNCHANGED,DF8-R2-PIVOT-BUSH-008,DF8-R2-PIVOT-BUSH-008,0.000009,0.000009,0.000000,300_TRUE_TRANSFORM_ARM_AND_POWERTRAIN_ASSY/332_ARM_2_ASSY,300_TRUE_TRANSFORM_ARM_AND_POWERTRAIN_ASSY/332_ARM_2_ASSY,Source occurrence retained
PIVOT-BUSH-2-2,RETAINED_UNCHANGED,DF8-R2-PIVOT-BUSH-008,DF8-R2-PIVOT-BUSH-008,0.000009,0.000009,0.000000,300_TRUE_TRANSFORM_ARM_AND_POWERTRAIN_ASSY/332_ARM_2_ASSY,300_TRUE_TRANSFORM_ARM_AND_POWERTRAIN_ASSY/332_ARM_2_ASSY,Source occurrence retained
PIVOT-BUSH-3-1,RETAINED_UNCHANGED,DF8-R2-PIVOT-BUSH-008,DF8-R2-PIVOT-BUSH-008,0.000009,0.000009,0.000000,300_TRUE_TRANSFORM_ARM_AND_POWERTRAIN_ASSY/333_ARM_3_ASSY,300_TRUE_TRANSFORM_ARM_AND_POWERTRAIN_ASSY/333_ARM_3_ASSY,Source occurrence retained
PIVOT-BUSH-3-2,RETAINED_UNCHANGED,DF8-R2-PIVOT-BUSH-008,DF8-R2-PIVOT-BUSH-008,0.000009,0.000009,0.000000,300_TRUE_TRANSFORM_ARM_AND_POWERTRAIN_ASSY/333_ARM_3_ASSY,300_TRUE_TRANSFORM_ARM_AND_POWERTRAIN_ASSY/333_ARM_3_ASSY,Source occurrence retained
PIVOT-CARRIER-1,RETAINED_MODIFIED_DEFINITION,DF8-R2-PIVOT-CARRIER-001,DF8-SHORT14-PIVOT-CARRIER-PRIMARY-LUG-001,0.002707,0.001354,-0.001353,300_TRUE_TRANSFORM_ARM_AND_POWERTRAIN_ASSY/331_ARM_1_ASSY,300_TRUE_TRANSFORM_ARM_AND_POWERTRAIN_ASSY/331_ARM_1_ASSY,Definition transformed for the SHORT14 configuration
PIVOT-CARRIER-1-SECONDARY,ADDED,N/A,DF8-SHORT14-PIVOT-CARRIER-SECONDARY-LUG-001,0.000000,0.001353,0.001353,N/A,300_TRUE_TRANSFORM_ARM_AND_POWERTRAIN_ASSY/331_ARM_1_ASSY,New SHORT14/external-buoy occurrence
PIVOT-CARRIER-2,RETAINED_MODIFIED_DEFINITION,DF8-R2-PIVOT-CARRIER-001,DF8-SHORT14-PIVOT-CARRIER-PRIMARY-LUG-001,0.002707,0.001354,-0.001353,300_TRUE_TRANSFORM_ARM_AND_POWERTRAIN_ASSY/332_ARM_2_ASSY,300_TRUE_TRANSFORM_ARM_AND_POWERTRAIN_ASSY/332_ARM_2_ASSY,Definition transformed for the SHORT14 configuration
PIVOT-CARRIER-2-SECONDARY,ADDED,N/A,DF8-SHORT14-PIVOT-CARRIER-SECONDARY-LUG-001,0.000000,0.001353,0.001353,N/A,300_TRUE_TRANSFORM_ARM_AND_POWERTRAIN_ASSY/332_ARM_2_ASSY,New SHORT14/external-buoy occurrence
PIVOT-CARRIER-3,RETAINED_MODIFIED_DEFINITION,DF8-R2-PIVOT-CARRIER-001,DF8-SHORT14-PIVOT-CARRIER-PRIMARY-LUG-001,0.002707,0.001354,-0.001353,300_TRUE_TRANSFORM_ARM_AND_POWERTRAIN_ASSY/333_ARM_3_ASSY,300_TRUE_TRANSFORM_ARM_AND_POWERTRAIN_ASSY/333_ARM_3_ASSY,Definition transformed for the SHORT14 configuration
PIVOT-CARRIER-3-SECONDARY,ADDED,N/A,DF8-SHORT14-PIVOT-CARRIER-SECONDARY-LUG-001,0.000000,0.001353,0.001353,N/A,300_TRUE_TRANSFORM_ARM_AND_POWERTRAIN_ASSY/333_ARM_3_ASSY,New SHORT14/external-buoy occurrence
PIVOT-CLIP-1,RETAINED_UNCHANGED,DF8-R2-PIVOT-SPIRAL-RING-008,DF8-R2-PIVOT-SPIRAL-RING-008,0.000095,0.000095,0.000000,300_TRUE_TRANSFORM_ARM_AND_POWERTRAIN_ASSY/331_ARM_1_ASSY,300_TRUE_TRANSFORM_ARM_AND_POWERTRAIN_ASSY/331_ARM_1_ASSY,Source occurrence retained
PIVOT-CLIP-2,RETAINED_UNCHANGED,DF8-R2-PIVOT-SPIRAL-RING-008,DF8-R2-PIVOT-SPIRAL-RING-008,0.000095,0.000095,0.000000,300_TRUE_TRANSFORM_ARM_AND_POWERTRAIN_ASSY/332_ARM_2_ASSY,300_TRUE_TRANSFORM_ARM_AND_POWERTRAIN_ASSY/332_ARM_2_ASSY,Source occurrence retained
PIVOT-CLIP-3,RETAINED_UNCHANGED,DF8-R2-PIVOT-SPIRAL-RING-008,DF8-R2-PIVOT-SPIRAL-RING-008,0.000095,0.000095,0.000000,300_TRUE_TRANSFORM_ARM_AND_POWERTRAIN_ASSY/333_ARM_3_ASSY,300_TRUE_TRANSFORM_ARM_AND_POWERTRAIN_ASSY/333_ARM_3_ASSY,Source occurrence retained
PIVOT-PIN-1,RETAINED_UNCHANGED,DF8-R2-PIVOT-PIN-008,DF8-R2-PIVOT-PIN-008,0.008672,0.008672,0.000000,300_TRUE_TRANSFORM_ARM_AND_POWERTRAIN_ASSY/331_ARM_1_ASSY,300_TRUE_TRANSFORM_ARM_AND_POWERTRAIN_ASSY/331_ARM_1_ASSY,Source occurrence retained
PIVOT-PIN-2,RETAINED_UNCHANGED,DF8-R2-PIVOT-PIN-008,DF8-R2-PIVOT-PIN-008,0.008672,0.008672,0.000000,300_TRUE_TRANSFORM_ARM_AND_POWERTRAIN_ASSY/332_ARM_2_ASSY,300_TRUE_TRANSFORM_ARM_AND_POWERTRAIN_ASSY/332_ARM_2_ASSY,Source occurrence retained
PIVOT-PIN-3,RETAINED_UNCHANGED,DF8-R2-PIVOT-PIN-008,DF8-R2-PIVOT-PIN-008,0.008672,0.008672,0.000000,300_TRUE_TRANSFORM_ARM_AND_POWERTRAIN_ASSY/333_ARM_3_ASSY,300_TRUE_TRANSFORM_ARM_AND_POWERTRAIN_ASSY/333_ARM_3_ASSY,Source occurrence retained
PIVOT-WASHER-1-1,RETAINED_UNCHANGED,DF8-R2-PIVOT-WASHER-008,DF8-R2-PIVOT-WASHER-008,0.000014,0.000014,0.000000,300_TRUE_TRANSFORM_ARM_AND_POWERTRAIN_ASSY/331_ARM_1_ASSY,300_TRUE_TRANSFORM_ARM_AND_POWERTRAIN_ASSY/331_ARM_1_ASSY,Source occurrence retained
PIVOT-WASHER-1-2,RETAINED_UNCHANGED,DF8-R2-PIVOT-WASHER-008,DF8-R2-PIVOT-WASHER-008,0.000014,0.000014,0.000000,300_TRUE_TRANSFORM_ARM_AND_POWERTRAIN_ASSY/331_ARM_1_ASSY,300_TRUE_TRANSFORM_ARM_AND_POWERTRAIN_ASSY/331_ARM_1_ASSY,Source occurrence retained
PIVOT-WASHER-2-1,RETAINED_UNCHANGED,DF8-R2-PIVOT-WASHER-008,DF8-R2-PIVOT-WASHER-008,0.000014,0.000014,0.000000,300_TRUE_TRANSFORM_ARM_AND_POWERTRAIN_ASSY/332_ARM_2_ASSY,300_TRUE_TRANSFORM_ARM_AND_POWERTRAIN_ASSY/332_ARM_2_ASSY,Source occurrence retained
PIVOT-WASHER-2-2,RETAINED_UNCHANGED,DF8-R2-PIVOT-WASHER-008,DF8-R2-PIVOT-WASHER-008,0.000014,0.000014,0.000000,300_TRUE_TRANSFORM_ARM_AND_POWERTRAIN_ASSY/332_ARM_2_ASSY,300_TRUE_TRANSFORM_ARM_AND_POWERTRAIN_ASSY/332_ARM_2_ASSY,Source occurrence retained
PIVOT-WASHER-3-1,RETAINED_UNCHANGED,DF8-R2-PIVOT-WASHER-008,DF8-R2-PIVOT-WASHER-008,0.000014,0.000014,0.000000,300_TRUE_TRANSFORM_ARM_AND_POWERTRAIN_ASSY/333_ARM_3_ASSY,300_TRUE_TRANSFORM_ARM_AND_POWERTRAIN_ASSY/333_ARM_3_ASSY,Source occurrence retained
PIVOT-WASHER-3-2,RETAINED_UNCHANGED,DF8-R2-PIVOT-WASHER-008,DF8-R2-PIVOT-WASHER-008,0.000014,0.000014,0.000000,300_TRUE_TRANSFORM_ARM_AND_POWERTRAIN_ASSY/333_ARM_3_ASSY,300_TRUE_TRANSFORM_ARM_AND_POWERTRAIN_ASSY/333_ARM_3_ASSY,Source occurrence retained
PULL-TAB-KEEPER,ADDED,N/A,DF8-SHORT14-PULL-TAB-KEEPER-001,0.000000,0.010000,0.010000,N/A,500_SPRING_EJECTOR_AFT_CLOSURE_AND_RECOVERY_ASSY/530_BUOY_MOUNTED_INFLATION_ASSY,New SHORT14/external-buoy occurrence
PUNCTURE-HEAD-1,REMOVED,DF8-R2-PUNCTURE-HEAD-001,N/A,0.005045,0.000000,-0.005045,100_FORWARD_PENETRATOR_WAI_AND_PRIMARY_STRUCTURE_ASSY,N/A,Removed with the internal inflation architecture
PUNCTURE-HEAD-2,REMOVED,DF8-R2-PUNCTURE-HEAD-001,N/A,0.005045,0.000000,-0.005045,100_FORWARD_PENETRATOR_WAI_AND_PRIMARY_STRUCTURE_ASSY,N/A,Removed with the internal inflation architecture
PUNCTURE-HEAD-3,REMOVED,DF8-R2-PUNCTURE-HEAD-001,N/A,0.005045,0.000000,-0.005045,100_FORWARD_PENETRATOR_WAI_AND_PRIMARY_STRUCTURE_ASSY,N/A,Removed with the internal inflation architecture
PUNCTURE-HEAD-4,REMOVED,DF8-R2-PUNCTURE-HEAD-001,N/A,0.005045,0.000000,-0.005045,100_FORWARD_PENETRATOR_WAI_AND_PRIMARY_STRUCTURE_ASSY,N/A,Removed with the internal inflation architecture
RECOVERY-HARDPOINT-RING,ADDED,N/A,DF8-SHORT14-RECOVERY-HARDPOINT-RING-001,0.000000,0.030210,0.030210,N/A,500_SPRING_EJECTOR_AFT_CLOSURE_AND_RECOVERY_ASSY/510_SHORTENED_AFT_STRUCTURE_ASSY,New SHORT14/external-buoy occurrence
RECOVERY-PIN-BODY,REMOVED,DF8-R2-RECOVERY-PIN-006,N/A,0.003134,0.000000,-0.003134,500_SPRING_EJECTOR_AFT_CLOSURE_AND_RECOVERY_ASSY,N/A,Replaced by external buoy panels and the independent structural tether load path
RECOVERY-PIN-BODY-SHORT14,ADDED,N/A,DF8-R2-RECOVERY-PIN-006,0.000000,0.003134,0.003134,N/A,500_SPRING_EJECTOR_AFT_CLOSURE_AND_RECOVERY_ASSY/540_STRUCTURAL_RECOVERY_TETHER_ASSY,New SHORT14/external-buoy occurrence
RECOVERY-PIN-CLIP-BODY,REMOVED,DF8-R2-RECOVERY-E-RING-006,N/A,0.000067,0.000000,-0.000067,500_SPRING_EJECTOR_AFT_CLOSURE_AND_RECOVERY_ASSY,N/A,Replaced by external buoy panels and the independent structural tether load path
RECOVERY-PIN-CLIP-HARNESS,REMOVED,DF8-R2-RECOVERY-E-RING-006,N/A,0.000067,0.000000,-0.000067,500_SPRING_EJECTOR_AFT_CLOSURE_AND_RECOVERY_ASSY,N/A,Replaced by external buoy panels and the independent structural tether load path
RECOVERY-PIN-HARNESS,REMOVED,DF8-R2-RECOVERY-PIN-006,N/A,0.003134,0.000000,-0.003134,500_SPRING_EJECTOR_AFT_CLOSURE_AND_RECOVERY_ASSY,N/A,Replaced by external buoy panels and the independent structural tether load path
RECOVERY-TETHER-001,REMOVED,AMSTEEL-BLUE-872-7-64-R2,N/A,0.020000,0.000000,-0.020000,500_SPRING_EJECTOR_AFT_CLOSURE_AND_RECOVERY_ASSY,N/A,Replaced by external buoy panels and the independent structural tether load path
ROUTE-BOWDEN-SHEATH-001,REMOVED,DF8-FINAL-BOWDEN-SHEATH-001,N/A,0.009000,0.000000,-0.009000,300_TRUE_TRANSFORM_ARM_AND_POWERTRAIN_ASSY,N/A,Route deleted because its internal buoy architecture endpoints were removed
ROUTE-BOWDEN-WIRE-001,REMOVED,DF8-FINAL-BOWDEN-WIRE-001,N/A,0.002744,0.000000,-0.002744,300_TRUE_TRANSFORM_ARM_AND_POWERTRAIN_ASSY,N/A,Route deleted because its internal buoy architecture endpoints were removed
ROUTE-GAS-MAIN-001,REMOVED,DF8-FINAL-GAS-MAIN-001,N/A,0.013522,0.000000,-0.013522,300_TRUE_TRANSFORM_ARM_AND_POWERTRAIN_ASSY,N/A,Route deleted because its internal buoy architecture endpoints were removed
ROUTE-LINER-BOWDEN-SHEATH-001,REMOVED,DF8-FINAL-BOWDEN-SHEATH-FIXED-SECTOR-GUIDE-LINER,N/A,0.002960,0.000000,-0.002960,300_TRUE_TRANSFORM_ARM_AND_POWERTRAIN_ASSY,N/A,Route deleted because its internal buoy architecture endpoints were removed
ROUTE-LINER-GAS-MAIN-001,REMOVED,DF8-FINAL-GAS-MAIN-FIXED-SECTOR-GUIDE-LINER,N/A,0.001728,0.000000,-0.001728,300_TRUE_TRANSFORM_ARM_AND_POWERTRAIN_ASSY,N/A,Route deleted because its internal buoy architecture endpoints were removed
ROUTE-LINER-PILOT-LINE-001,REMOVED,DF8-FINAL-PILOT-LINE-FIXED-SECTOR-GUIDE-LINER,N/A,0.003229,0.000000,-0.003229,300_TRUE_TRANSFORM_ARM_AND_POWERTRAIN_ASSY,N/A,Route deleted because its internal buoy architecture endpoints were removed
ROUTE-MANIFOLD-FEED-001,REMOVED,DF8-FINAL-MANIFOLD-FULLFLOW-FEED-001,N/A,0.007000,0.000000,-0.007000,100_FORWARD_PENETRATOR_WAI_AND_PRIMARY_STRUCTURE_ASSY,N/A,Removed with the internal inflation architecture
ROUTE-PILOT-LINE-001,REMOVED,DF8-FINAL-PILOT-LINE-001,N/A,0.008496,0.000000,-0.008496,300_TRUE_TRANSFORM_ARM_AND_POWERTRAIN_ASSY,N/A,Route deleted because its internal buoy architecture endpoints were removed
SHORT-AFT-SHELL-AFT,ADDED,N/A,DF8-SHORT14-AFT-SHELL-CLOSURE-001,0.000000,0.037827,0.037827,N/A,500_SPRING_EJECTOR_AFT_CLOSURE_AND_RECOVERY_ASSY/510_SHORTENED_AFT_STRUCTURE_ASSY,New SHORT14/external-buoy occurrence
SHORT-AFT-SHELL-FWD,ADDED,N/A,DF8-SHORT14-AFT-SHELL-FORWARD-001,0.000000,0.727345,0.727345,N/A,500_SPRING_EJECTOR_AFT_CLOSURE_AND_RECOVERY_ASSY/510_SHORTENED_AFT_STRUCTURE_ASSY,New SHORT14/external-buoy occurrence
STOW-DOG-1,RETAINED_UNCHANGED,DF8-R2-STOW-DOG-001,DF8-R2-STOW-DOG-001,0.000705,0.000705,0.000000,300_TRUE_TRANSFORM_ARM_AND_POWERTRAIN_ASSY/331_ARM_1_ASSY,300_TRUE_TRANSFORM_ARM_AND_POWERTRAIN_ASSY/331_ARM_1_ASSY,Source occurrence retained
STOW-DOG-2,RETAINED_UNCHANGED,DF8-R2-STOW-DOG-001,DF8-R2-STOW-DOG-001,0.000705,0.000705,0.000000,300_TRUE_TRANSFORM_ARM_AND_POWERTRAIN_ASSY/332_ARM_2_ASSY,300_TRUE_TRANSFORM_ARM_AND_POWERTRAIN_ASSY/332_ARM_2_ASSY,Source occurrence retained
STOW-DOG-3,RETAINED_UNCHANGED,DF8-R2-STOW-DOG-001,DF8-R2-STOW-DOG-001,0.000705,0.000705,0.000000,300_TRUE_TRANSFORM_ARM_AND_POWERTRAIN_ASSY/333_ARM_3_ASSY,300_TRUE_TRANSFORM_ARM_AND_POWERTRAIN_ASSY/333_ARM_3_ASSY,Source occurrence retained
STOW-DOG-GUIDE-1,RETAINED_MODIFIED_DEFINITION,DF8-R2-STOW-DOG-GUIDE-001,DF8-SHORT14-STOW-DOG-GUIDE-001,0.027384,0.000531,-0.026854,300_TRUE_TRANSFORM_ARM_AND_POWERTRAIN_ASSY/331_ARM_1_ASSY,300_TRUE_TRANSFORM_ARM_AND_POWERTRAIN_ASSY/331_ARM_1_ASSY,Definition transformed for the SHORT14 configuration
STOW-DOG-GUIDE-2,RETAINED_MODIFIED_DEFINITION,DF8-R2-STOW-DOG-GUIDE-001,DF8-SHORT14-STOW-DOG-GUIDE-001,0.027384,0.000531,-0.026854,300_TRUE_TRANSFORM_ARM_AND_POWERTRAIN_ASSY/332_ARM_2_ASSY,300_TRUE_TRANSFORM_ARM_AND_POWERTRAIN_ASSY/332_ARM_2_ASSY,Definition transformed for the SHORT14 configuration
STOW-DOG-GUIDE-3,RETAINED_MODIFIED_DEFINITION,DF8-R2-STOW-DOG-GUIDE-001,DF8-SHORT14-STOW-DOG-GUIDE-001,0.027384,0.000531,-0.026854,300_TRUE_TRANSFORM_ARM_AND_POWERTRAIN_ASSY/333_ARM_3_ASSY,300_TRUE_TRANSFORM_ARM_AND_POWERTRAIN_ASSY/333_ARM_3_ASSY,Definition transformed for the SHORT14 configuration
STOW-DOG-INHIBIT-KEEPER-1,RETAINED_UNCHANGED,DF8-R2-STOW-DOG-INHIBIT-KEEPER-001,DF8-R2-STOW-DOG-INHIBIT-KEEPER-001,0.000004,0.000004,0.000000,300_TRUE_TRANSFORM_ARM_AND_POWERTRAIN_ASSY/331_ARM_1_ASSY,300_TRUE_TRANSFORM_ARM_AND_POWERTRAIN_ASSY/331_ARM_1_ASSY,Source occurrence retained
STOW-DOG-INHIBIT-KEEPER-2,RETAINED_UNCHANGED,DF8-R2-STOW-DOG-INHIBIT-KEEPER-001,DF8-R2-STOW-DOG-INHIBIT-KEEPER-001,0.000004,0.000004,0.000000,300_TRUE_TRANSFORM_ARM_AND_POWERTRAIN_ASSY/332_ARM_2_ASSY,300_TRUE_TRANSFORM_ARM_AND_POWERTRAIN_ASSY/332_ARM_2_ASSY,Source occurrence retained
STOW-DOG-INHIBIT-KEEPER-3,RETAINED_UNCHANGED,DF8-R2-STOW-DOG-INHIBIT-KEEPER-001,DF8-R2-STOW-DOG-INHIBIT-KEEPER-001,0.000004,0.000004,0.000000,300_TRUE_TRANSFORM_ARM_AND_POWERTRAIN_ASSY/333_ARM_3_ASSY,300_TRUE_TRANSFORM_ARM_AND_POWERTRAIN_ASSY/333_ARM_3_ASSY,Source occurrence retained
STOW-DOG-INHIBIT-PIN-1,RETAINED_UNCHANGED,DF8-R2-STOW-DOG-INHIBIT-PIN-001,DF8-R2-STOW-DOG-INHIBIT-PIN-001,0.000059,0.000059,0.000000,300_TRUE_TRANSFORM_ARM_AND_POWERTRAIN_ASSY/331_ARM_1_ASSY,300_TRUE_TRANSFORM_ARM_AND_POWERTRAIN_ASSY/331_ARM_1_ASSY,Source occurrence retained
STOW-DOG-INHIBIT-PIN-2,RETAINED_UNCHANGED,DF8-R2-STOW-DOG-INHIBIT-PIN-001,DF8-R2-STOW-DOG-INHIBIT-PIN-001,0.000059,0.000059,0.000000,300_TRUE_TRANSFORM_ARM_AND_POWERTRAIN_ASSY/332_ARM_2_ASSY,300_TRUE_TRANSFORM_ARM_AND_POWERTRAIN_ASSY/332_ARM_2_ASSY,Source occurrence retained
STOW-DOG-INHIBIT-PIN-3,RETAINED_UNCHANGED,DF8-R2-STOW-DOG-INHIBIT-PIN-001,DF8-R2-STOW-DOG-INHIBIT-PIN-001,0.000059,0.000059,0.000000,300_TRUE_TRANSFORM_ARM_AND_POWERTRAIN_ASSY/333_ARM_3_ASSY,300_TRUE_TRANSFORM_ARM_AND_POWERTRAIN_ASSY/333_ARM_3_ASSY,Source occurrence retained
STOW-DOG-SPRING-1,RETAINED_UNCHANGED,DF8-R2-STOW-DOG-RETURN-SPRING-001,DF8-R2-STOW-DOG-RETURN-SPRING-001,0.000000,0.000000,0.000000,300_TRUE_TRANSFORM_ARM_AND_POWERTRAIN_ASSY/331_ARM_1_ASSY,300_TRUE_TRANSFORM_ARM_AND_POWERTRAIN_ASSY/331_ARM_1_ASSY,Source occurrence retained
STOW-DOG-SPRING-2,RETAINED_UNCHANGED,DF8-R2-STOW-DOG-RETURN-SPRING-001,DF8-R2-STOW-DOG-RETURN-SPRING-001,0.000000,0.000000,0.000000,300_TRUE_TRANSFORM_ARM_AND_POWERTRAIN_ASSY/332_ARM_2_ASSY,300_TRUE_TRANSFORM_ARM_AND_POWERTRAIN_ASSY/332_ARM_2_ASSY,Source occurrence retained
STOW-DOG-SPRING-3,RETAINED_UNCHANGED,DF8-R2-STOW-DOG-RETURN-SPRING-001,DF8-R2-STOW-DOG-RETURN-SPRING-001,0.000000,0.000000,0.000000,300_TRUE_TRANSFORM_ARM_AND_POWERTRAIN_ASSY/333_ARM_3_ASSY,300_TRUE_TRANSFORM_ARM_AND_POWERTRAIN_ASSY/333_ARM_3_ASSY,Source occurrence retained
STRUCTURAL-RECOVERY-TETHER,ADDED,N/A,AMSTEEL-BLUE-SHORT14-STRUCTURAL-TETHER-001,0.000000,0.090000,0.090000,N/A,500_SPRING_EJECTOR_AFT_CLOSURE_AND_RECOVERY_ASSY/540_STRUCTURAL_RECOVERY_TETHER_ASSY,New SHORT14/external-buoy occurrence
TETHER-EXIT-CHAFE-SLEEVE,ADDED,N/A,DF8-SHORT14-TETHER-EXIT-CHAFE-SLEEVE-001,0.000000,0.012000,0.012000,N/A,500_SPRING_EJECTOR_AFT_CLOSURE_AND_RECOVERY_ASSY/540_STRUCTURAL_RECOVERY_TETHER_ASSY,New SHORT14/external-buoy occurrence
TETHER-THIMBLE-BODY,REMOVED,DF8-R2-TETHER-THIMBLE-001,N/A,0.002897,0.000000,-0.002897,500_SPRING_EJECTOR_AFT_CLOSURE_AND_RECOVERY_ASSY,N/A,Replaced by external buoy panels and the independent structural tether load path
TETHER-THIMBLE-BODY-SHORT14,ADDED,N/A,DF8-R2-TETHER-THIMBLE-001,0.000000,0.002897,0.002897,N/A,500_SPRING_EJECTOR_AFT_CLOSURE_AND_RECOVERY_ASSY/540_STRUCTURAL_RECOVERY_TETHER_ASSY,New SHORT14/external-buoy occurrence
TETHER-THIMBLE-BUOY-SHORT14,ADDED,N/A,DF8-R2-TETHER-THIMBLE-001,0.000000,0.002897,0.002897,N/A,500_SPRING_EJECTOR_AFT_CLOSURE_AND_RECOVERY_ASSY/540_STRUCTURAL_RECOVERY_TETHER_ASSY,New SHORT14/external-buoy occurrence
TETHER-THIMBLE-HARNESS,REMOVED,DF8-R2-TETHER-THIMBLE-001,N/A,0.002897,0.000000,-0.002897,500_SPRING_EJECTOR_AFT_CLOSURE_AND_RECOVERY_ASSY,N/A,Replaced by external buoy panels and the independent structural tether load path
TRIGGER-MOUNT-SCREW-1,REMOVED,SSCF-M3-10-A4,N/A,0.000880,0.000000,-0.000880,100_FORWARD_PENETRATOR_WAI_AND_PRIMARY_STRUCTURE_ASSY/190_MANDATORY_HARDWARE_ASSY,N/A,Removed with the internal inflation architecture
TRIGGER-MOUNT-SCREW-2,REMOVED,SSCF-M3-10-A4,N/A,0.000880,0.000000,-0.000880,100_FORWARD_PENETRATOR_WAI_AND_PRIMARY_STRUCTURE_ASSY/190_MANDATORY_HARDWARE_ASSY,N/A,Removed with the internal inflation architecture
TRIGGER-MOUNT-SCREW-3,REMOVED,SSCF-M3-10-A4,N/A,0.000880,0.000000,-0.000880,100_FORWARD_PENETRATOR_WAI_AND_PRIMARY_STRUCTURE_ASSY/190_MANDATORY_HARDWARE_ASSY,N/A,Removed with the internal inflation architecture
WATER-BOBBIN-001,REMOVED,V80040,N/A,0.001696,0.000000,-0.001696,100_FORWARD_PENETRATOR_WAI_AND_PRIMARY_STRUCTURE_ASSY,N/A,Removed with the internal inflation architecture
WATER-BOBBIN-SERVICE-CAP-001,REMOVED,DF8-WATER-BOBBIN-SERVICE-CAP-001,N/A,0.004832,0.000000,-0.004832,100_FORWARD_PENETRATOR_WAI_AND_PRIMARY_STRUCTURE_ASSY/190_MANDATORY_HARDWARE_ASSY,N/A,Removed with the internal inflation architecture
WATER-ENTRY-MESH,ADDED,N/A,DF8-SHORT14-WATER-ENTRY-MESH-001,0.000000,0.012000,0.012000,N/A,500_SPRING_EJECTOR_AFT_CLOSURE_AND_RECOVERY_ASSY/520_CORDURA_BREAKAWAY_BUOY_PACK_ASSY,New SHORT14/external-buoy occurrence
WATER-INLET-001,REMOVED,DF8-R2-WATER-INLET-001,N/A,0.001528,0.000000,-0.001528,100_FORWARD_PENETRATOR_WAI_AND_PRIMARY_STRUCTURE_ASSY,N/A,Removed with the internal inflation architecture
WATER-TRIGGER-HSG-001,REMOVED,DF8-R2-WATER-TRIGGER-HSG-001,N/A,0.006081,0.000000,-0.006081,100_FORWARD_PENETRATOR_WAI_AND_PRIMARY_STRUCTURE_ASSY,N/A,Removed with the internal inflation architecture
WP04-AFT-RAIL-SUPPORT,REMOVED,WP04-AFT-RAIL-SUPPORT-R2,N/A,0.009104,0.000000,-0.009104,500_SPRING_EJECTOR_AFT_CLOSURE_AND_RECOVERY_ASSY/590_MANDATORY_HARDWARE_ASSY,N/A,Removed with the internal follower/sleeve/door ejection architecture
WP04-EJECTOR-SPRING,REMOVED,DF8-FINAL-WP04-EJECTOR-SPRING-001,N/A,0.031986,0.000000,-0.031986,500_SPRING_EJECTOR_AFT_CLOSURE_AND_RECOVERY_ASSY,N/A,Removed with the internal follower/sleeve/door ejection architecture
WP04-FIXED-SLEEVE,REMOVED,WP04-FIXED-GUIDE-SLEEVE-R2,N/A,0.004757,0.000000,-0.004757,500_SPRING_EJECTOR_AFT_CLOSURE_AND_RECOVERY_ASSY,N/A,Removed with the internal follower/sleeve/door ejection architecture
WP04-FIXED-SLEEVE-SCREW-1,REMOVED,SSCA-M3-8-A4-BL,N/A,0.000800,0.000000,-0.000800,500_SPRING_EJECTOR_AFT_CLOSURE_AND_RECOVERY_ASSY/590_MANDATORY_HARDWARE_ASSY,N/A,Removed with the internal follower/sleeve/door ejection architecture
WP04-FIXED-SLEEVE-SCREW-2,REMOVED,SSCA-M3-8-A4-BL,N/A,0.000800,0.000000,-0.000800,500_SPRING_EJECTOR_AFT_CLOSURE_AND_RECOVERY_ASSY/590_MANDATORY_HARDWARE_ASSY,N/A,Removed with the internal follower/sleeve/door ejection architecture
WP04-FIXED-SLEEVE-SCREW-3,REMOVED,SSCA-M3-8-A4-BL,N/A,0.000800,0.000000,-0.000800,500_SPRING_EJECTOR_AFT_CLOSURE_AND_RECOVERY_ASSY/590_MANDATORY_HARDWARE_ASSY,N/A,Removed with the internal follower/sleeve/door ejection architecture
WP04-FOLLOWER-001,REMOVED,WP04-FOL-001-R2,N/A,0.005581,0.000000,-0.005581,500_SPRING_EJECTOR_AFT_CLOSURE_AND_RECOVERY_ASSY,N/A,Removed with the internal follower/sleeve/door ejection architecture
WP04-FULLFLOW-MANIFOLD,REMOVED,DF8-FINAL-WP04-FULLFLOW-MANIFOLD,N/A,0.000912,0.000000,-0.000912,300_TRUE_TRANSFORM_ARM_AND_POWERTRAIN_ASSY,N/A,Removed with the internal inflation architecture
WP04-GUIDE-RAIL-1,REMOVED,WP04-GUIDE-RAIL-001-R2,N/A,0.003799,0.000000,-0.003799,500_SPRING_EJECTOR_AFT_CLOSURE_AND_RECOVERY_ASSY,N/A,Removed with the internal follower/sleeve/door ejection architecture
WP04-GUIDE-RAIL-2,REMOVED,WP04-GUIDE-RAIL-001-R2,N/A,0.003799,0.000000,-0.003799,500_SPRING_EJECTOR_AFT_CLOSURE_AND_RECOVERY_ASSY,N/A,Removed with the internal follower/sleeve/door ejection architecture
WP04-GUIDE-RAIL-3,REMOVED,WP04-GUIDE-RAIL-001-R2,N/A,0.003799,0.000000,-0.003799,500_SPRING_EJECTOR_AFT_CLOSURE_AND_RECOVERY_ASSY,N/A,Removed with the internal follower/sleeve/door ejection architecture
WP04-LATCH-001,REMOVED,WP04-LATCH-HOUSING-R2,N/A,0.005496,0.000000,-0.005496,500_SPRING_EJECTOR_AFT_CLOSURE_AND_RECOVERY_ASSY,N/A,Removed with the internal follower/sleeve/door ejection architecture
WP04-LATCH-SCREW-1,REMOVED,SSCA-M3-8-A4-BL,N/A,0.000800,0.000000,-0.000800,500_SPRING_EJECTOR_AFT_CLOSURE_AND_RECOVERY_ASSY/590_MANDATORY_HARDWARE_ASSY,N/A,Removed with the internal follower/sleeve/door ejection architecture
WP04-LATCH-SCREW-2,REMOVED,SSCA-M3-8-A4-BL,N/A,0.000800,0.000000,-0.000800,500_SPRING_EJECTOR_AFT_CLOSURE_AND_RECOVERY_ASSY/590_MANDATORY_HARDWARE_ASSY,N/A,Removed with the internal follower/sleeve/door ejection architecture
WP04-MANIFOLD-BRACKET,REMOVED,DF8-FINAL-WP04-MANIFOLD-BRACKET,N/A,0.000021,0.000000,-0.000021,300_TRUE_TRANSFORM_ARM_AND_POWERTRAIN_ASSY,N/A,Removed with the internal inflation architecture
WP04-MOVING-SLEEVE,REMOVED,WP04-MOVING-GUIDE-SLEEVE-R2,N/A,0.006848,0.000000,-0.006848,500_SPRING_EJECTOR_AFT_CLOSURE_AND_RECOVERY_ASSY,N/A,Removed with the internal follower/sleeve/door ejection architecture
WP04-MOVING-SLEEVE-SCREW-1,REMOVED,SSCA-M3-8-A4-BL,N/A,0.000800,0.000000,-0.000800,500_SPRING_EJECTOR_AFT_CLOSURE_AND_RECOVERY_ASSY/590_MANDATORY_HARDWARE_ASSY,N/A,Removed with the internal follower/sleeve/door ejection architecture
WP04-MOVING-SLEEVE-SCREW-2,REMOVED,SSCA-M3-8-A4-BL,N/A,0.000800,0.000000,-0.000800,500_SPRING_EJECTOR_AFT_CLOSURE_AND_RECOVERY_ASSY/590_MANDATORY_HARDWARE_ASSY,N/A,Removed with the internal follower/sleeve/door ejection architecture
WP04-MOVING-SLEEVE-SCREW-3,REMOVED,SSCA-M3-8-A4-BL,N/A,0.000800,0.000000,-0.000800,500_SPRING_EJECTOR_AFT_CLOSURE_AND_RECOVERY_ASSY/590_MANDATORY_HARDWARE_ASSY,N/A,Removed with the internal follower/sleeve/door ejection architecture
WP04-REACTION-BULKHEAD,REMOVED,WP04-RB-001-R2,N/A,0.041170,0.000000,-0.041170,500_SPRING_EJECTOR_AFT_CLOSURE_AND_RECOVERY_ASSY,N/A,Removed with the internal follower/sleeve/door ejection architecture
WP04-SEAR-001,REMOVED,WP04-LATCH-SEAR-R2,N/A,0.000635,0.000000,-0.000635,500_SPRING_EJECTOR_AFT_CLOSURE_AND_RECOVERY_ASSY,N/A,Removed with the internal follower/sleeve/door ejection architecture
WP04-SEAR-CLIP-001,REMOVED,WP04-LATCH-SEAR-E-RING-R2,N/A,0.000043,0.000000,-0.000043,500_SPRING_EJECTOR_AFT_CLOSURE_AND_RECOVERY_ASSY,N/A,Removed with the internal follower/sleeve/door ejection architecture
WP05-DOOR-001,REMOVED,WP05-DOOR-R2,N/A,0.023848,0.000000,-0.023848,500_SPRING_EJECTOR_AFT_CLOSURE_AND_RECOVERY_ASSY,N/A,Removed with the internal follower/sleeve/door ejection architecture
WP05-DOOR-LANYARD,REMOVED,WP05-DOOR-LANYARD-R2,N/A,0.002000,0.000000,-0.002000,500_SPRING_EJECTOR_AFT_CLOSURE_AND_RECOVERY_ASSY,N/A,Removed with the internal follower/sleeve/door ejection architecture
WP05-HINGE-CLIP,REMOVED,WP05-HINGE-CRESCENT-RING-R2,N/A,0.000031,0.000000,-0.000031,500_SPRING_EJECTOR_AFT_CLOSURE_AND_RECOVERY_ASSY,N/A,Removed with the internal follower/sleeve/door ejection architecture
WP05-HINGE-PIN,REMOVED,WP05-HINGE-PIN-R2,N/A,0.000966,0.000000,-0.000966,500_SPRING_EJECTOR_AFT_CLOSURE_AND_RECOVERY_ASSY,N/A,Removed with the internal follower/sleeve/door ejection architecture
WP05-SERVICE-THROAT,REMOVED,WP05-SERVICE-THROAT-R2,N/A,0.189208,0.000000,-0.189208,500_SPRING_EJECTOR_AFT_CLOSURE_AND_RECOVERY_ASSY,N/A,Removed with the internal follower/sleeve/door ejection architecture
WP05-THROAT-SCREW-1,REMOVED,SSK-M3-6-A4-P80,N/A,0.000360,0.000000,-0.000360,500_SPRING_EJECTOR_AFT_CLOSURE_AND_RECOVERY_ASSY/590_MANDATORY_HARDWARE_ASSY,N/A,Removed with the internal follower/sleeve/door ejection architecture
WP05-THROAT-SCREW-2,REMOVED,SSK-M3-6-A4-P80,N/A,0.000360,0.000000,-0.000360,500_SPRING_EJECTOR_AFT_CLOSURE_AND_RECOVERY_ASSY/590_MANDATORY_HARDWARE_ASSY,N/A,Removed with the internal follower/sleeve/door ejection architecture
WP05-THROAT-SCREW-3,REMOVED,SSK-M3-6-A4-P80,N/A,0.000360,0.000000,-0.000360,500_SPRING_EJECTOR_AFT_CLOSURE_AND_RECOVERY_ASSY/590_MANDATORY_HARDWARE_ASSY,N/A,Removed with the internal follower/sleeve/door ejection architecture
WP05-THROAT-SCREW-4,REMOVED,SSK-M3-6-A4-P80,N/A,0.000360,0.000000,-0.000360,500_SPRING_EJECTOR_AFT_CLOSURE_AND_RECOVERY_ASSY/590_MANDATORY_HARDWARE_ASSY,N/A,Removed with the internal follower/sleeve/door ejection architecture
WP05-THROAT-SCREW-5,REMOVED,SSK-M3-6-A4-P80,N/A,0.000360,0.000000,-0.000360,500_SPRING_EJECTOR_AFT_CLOSURE_AND_RECOVERY_ASSY/590_MANDATORY_HARDWARE_ASSY,N/A,Removed with the internal follower/sleeve/door ejection architecture
WP05-THROAT-SCREW-6,REMOVED,SSK-M3-6-A4-P80,N/A,0.000360,0.000000,-0.000360,500_SPRING_EJECTOR_AFT_CLOSURE_AND_RECOVERY_ASSY/590_MANDATORY_HARDWARE_ASSY,N/A,Removed with the internal follower/sleeve/door ejection architecture
