artifact_id,source_path,filename,repository_or_worktree,branch,commit_sha,date,configuration_or_revision,relevance,status,sha256,size_bytes,notes
LA-001,C:\Users\ANDRE.ANDREWSPC\Documents\Codex\2026-08-25\stingray-i5-s-df8-14in-short-forward-powertrain-buoy\work\short14_external_buoy\STINGRAY_I5S_DF8_SHORT14_FORWARD_POWERTRAIN_EXTERNAL_BUOY_STOWED_AP242.step,STINGRAY_I5S_DF8_SHORT14_FORWARD_POWERTRAIN_EXTERNAL_BUOY_STOWED_AP242.step,C:\Users\ANDRE.ANDREWSPC\Documents\Codex\2026-08-25\stingray-i5-s-df8-14in-short-forward-powertrain-buoy,design/df8-14in-short-forward-powertrain-external-buoy,aa186c9c1c311c510ac34e48bd4170ef7636b7bf,2026-08-25T16:05:28-05:00,STINGRAY_I5S_DF8_SHORT14_FORWARD_POWERTRAIN_EXTERNAL_BUOY,Controlling current-developmental STOWED AP242,CURRENT DEVELOPMENTAL,87a6d6f2f234fe955ef6a87aa9f7ac242d28ee10e23b9b60aca94e90e68a02c0,9071324,Exact BREP; clean OCP/XCAF reimport passed.
LA-002,C:\Users\ANDRE.ANDREWSPC\Documents\Codex\2026-08-25\stingray-i5-s-df8-14in-short-forward-powertrain-buoy\work\short14_external_buoy\STINGRAY_I5S_DF8_SHORT14_FORWARD_POWERTRAIN_EXTERNAL_BUOY_DEPLOYED_AP242.step,STINGRAY_I5S_DF8_SHORT14_FORWARD_POWERTRAIN_EXTERNAL_BUOY_DEPLOYED_AP242.step,C:\Users\ANDRE.ANDREWSPC\Documents\Codex\2026-08-25\stingray-i5-s-df8-14in-short-forward-powertrain-buoy,design/df8-14in-short-forward-powertrain-external-buoy,aa186c9c1c311c510ac34e48bd4170ef7636b7bf,2026-08-25T16:05:28-05:00,STINGRAY_I5S_DF8_SHORT14_FORWARD_POWERTRAIN_EXTERNAL_BUOY,Controlling current-developmental DEPLOYED AP242,CURRENT DEVELOPMENTAL,fbb716986ce6913715a78468b29fec8ae0a1eb45f64b9a6f825407655d68d1de,10575841,Exact BREP; clean OCP/XCAF reimport passed.
LA-003,C:\Users\ANDRE.ANDREWSPC\Documents\Codex\2026-08-25\stingray-i5-s-df8-14in-short-forward-powertrain-buoy\work\short14_external_buoy\STINGRAY_I5S_DF8_SHORT14_FORWARD_POWERTRAIN_EXTERNAL_BUOY_INSPECTION.zip,STINGRAY_I5S_DF8_SHORT14_FORWARD_POWERTRAIN_EXTERNAL_BUOY_INSPECTION.zip,C:\Users\ANDRE.ANDREWSPC\Documents\Codex\2026-08-25\stingray-i5-s-df8-14in-short-forward-powertrain-buoy,design/df8-14in-short-forward-powertrain-external-buoy,aa186c9c1c311c510ac34e48bd4170ef7636b7bf,2026-08-25T16:05:28-05:00,STINGRAY_I5S_DF8_SHORT14_FORWARD_POWERTRAIN_EXTERNAL_BUOY,Owner Creo inspection package for newest local CAD,CURRENT DEVELOPMENTAL,4d124b4bb410689071545a41c9c17c31e9393eadbf41ae6a800c5cd458b52a6c,6625392,"ZIP CRC verified by source workflow; developmental, not release."
LA-004,C:\Users\ANDRE.ANDREWSPC\Documents\Codex\2026-08-25\stingray-i5-s-df8-14in-short-forward-powertrain-buoy\work\short14_external_buoy\VALIDATION_SUMMARY.md,VALIDATION_SUMMARY.md,C:\Users\ANDRE.ANDREWSPC\Documents\Codex\2026-08-25\stingray-i5-s-df8-14in-short-forward-powertrain-buoy,design/df8-14in-short-forward-powertrain-external-buoy,aa186c9c1c311c510ac34e48bd4170ef7636b7bf,2026-08-25T16:05:28-05:00,STINGRAY_I5S_DF8_SHORT14_FORWARD_POWERTRAIN_EXTERNAL_BUOY,Human-readable gate disposition for newest local CAD,CURRENT DEVELOPMENTAL,f03ffa0db764c539355461e3881ddadcf23debd0fc7dd1cfc5617f13777dc016,1842,CAD gates pass; physical and owner gates remain open.
LA-005,C:\Users\ANDRE.ANDREWSPC\Documents\Codex\2026-08-25\stingray-i5-s-df8-14in-short-forward-powertrain-buoy\work\short14_external_buoy\VALIDATION_SUMMARY.json,VALIDATION_SUMMARY.json,C:\Users\ANDRE.ANDREWSPC\Documents\Codex\2026-08-25\stingray-i5-s-df8-14in-short-forward-powertrain-buoy,design/df8-14in-short-forward-powertrain-external-buoy,aa186c9c1c311c510ac34e48bd4170ef7636b7bf,2026-08-25T16:05:28-05:00,STINGRAY_I5S_DF8_SHORT14_FORWARD_POWERTRAIN_EXTERNAL_BUOY,Machine-readable gate disposition for newest local CAD,CURRENT DEVELOPMENTAL,f0dc66e64bed05e1f8b69c6d2a0fe2adf8e472d0910324f9b40e55b55ece5a78,42876,Do not interpret CAD PASS as physical qualification.
LA-006,C:\Users\ANDRE.ANDREWSPC\Documents\Codex\2026-08-25\stingray-i5-s-df8-14in-short-forward-powertrain-buoy\work\short14_external_buoy\SHORT14_FORWARD_POWERTRAIN_DESIGN_REPORT.md,SHORT14_FORWARD_POWERTRAIN_DESIGN_REPORT.md,C:\Users\ANDRE.ANDREWSPC\Documents\Codex\2026-08-25\stingray-i5-s-df8-14in-short-forward-powertrain-buoy,design/df8-14in-short-forward-powertrain-external-buoy,aa186c9c1c311c510ac34e48bd4170ef7636b7bf,2026-08-25T16:05:28-05:00,STINGRAY_I5S_DF8_SHORT14_FORWARD_POWERTRAIN_EXTERNAL_BUOY,Architecture/provenance report for newest local CAD,CURRENT DEVELOPMENTAL,d4c2977c8a65f0c23cdc1f065f1fbbdb9a554d3bb05f2ac94e09a72c5279a1df,5960,Maps SHORT14_FORWARD shorthand to exact true-forward-powertrain configuration.
LA-007,C:\Users\ANDRE.ANDREWSPC\Documents\Codex\2026-08-25\stingray-i5-s-df8-14in-short-forward-powertrain-buoy\work\short14_external_buoy\SHORT_ARM_MISSION_ENVELOPE_COMPARISON.md,SHORT_ARM_MISSION_ENVELOPE_COMPARISON.md,C:\Users\ANDRE.ANDREWSPC\Documents\Codex\2026-08-25\stingray-i5-s-df8-14in-short-forward-powertrain-buoy,design/df8-14in-short-forward-powertrain-external-buoy,aa186c9c1c311c510ac34e48bd4170ef7636b7bf,2026-08-25T16:05:28-05:00,STINGRAY_I5S_DF8_SHORT14_FORWARD_POWERTRAIN_EXTERNAL_BUOY,Full-length versus short-arm mission-envelope comparison,CURRENT DEVELOPMENTAL,00dae303d546db7700f41b255102003ef3dbdc320cedb846b9f0a47aec2c313f,1154,Physical fabric engagement remains unverified.
LA-008,C:\Users\ANDRE.ANDREWSPC\Documents\Codex\2026-08-25\stingray-i5-s-df8-14in-short-forward-powertrain-buoy\work\short14_external_buoy\FINAL_MASS_CG_INERTIA.json,FINAL_MASS_CG_INERTIA.json,C:\Users\ANDRE.ANDREWSPC\Documents\Codex\2026-08-25\stingray-i5-s-df8-14in-short-forward-powertrain-buoy,design/df8-14in-short-forward-powertrain-external-buoy,aa186c9c1c311c510ac34e48bd4170ef7636b7bf,2026-08-25T16:05:28-05:00,STINGRAY_I5S_DF8_SHORT14_FORWARD_POWERTRAIN_EXTERNAL_BUOY,Exact occurrence mass/CG/inertia evidence,CURRENT DEVELOPMENTAL,db66a650e12348c66d7719b4d4800462ea30cb340a9c7af011e691849e43e9e8,105204,10.583165211 kg ready-to-throw; fall/orientation equivalence separate.
LA-009,C:\Users\ANDRE.ANDREWSPC\Documents\Codex\2026-08-25\stingray-i5-s-df8-14in-short-forward-powertrain-buoy\work\short14_external_buoy\FINAL_MOTION_AUDIT_SUMMARY.csv,FINAL_MOTION_AUDIT_SUMMARY.csv,C:\Users\ANDRE.ANDREWSPC\Documents\Codex\2026-08-25\stingray-i5-s-df8-14in-short-forward-powertrain-buoy,design/df8-14in-short-forward-powertrain-external-buoy,aa186c9c1c311c510ac34e48bd4170ef7636b7bf,2026-08-25T16:05:28-05:00,STINGRAY_I5S_DF8_SHORT14_FORWARD_POWERTRAIN_EXTERNAL_BUOY,Motion gate register for newest local CAD,CURRENT DEVELOPMENTAL,2c24d62443387b488ecb122c9a3eac63eaf0a536108568265133a094bbcea8e0,2989,Five-angle plus one complete 0-80 degree sweep.
LA-010,C:\Users\ANDRE.ANDREWSPC\Documents\Codex\2026-08-25\stingray-i5-s-df8-14in-short-forward-powertrain-buoy\work\short14_external_buoy\validation\full_motion_sweep_1\full_motion_exact_boolean_summary.json,full_motion_exact_boolean_summary.json,C:\Users\ANDRE.ANDREWSPC\Documents\Codex\2026-08-25\stingray-i5-s-df8-14in-short-forward-powertrain-buoy,design/df8-14in-short-forward-powertrain-external-buoy,aa186c9c1c311c510ac34e48bd4170ef7636b7bf,2026-08-25T16:05:28-05:00,STINGRAY_I5S_DF8_SHORT14_FORWARD_POWERTRAIN_EXTERNAL_BUOY,697167-pair exact Boolean sweep summary,CURRENT DEVELOPMENTAL,d87423e1bc7fba04935f37ff7b4842b52b7675de14ca5ff55860302cb9ba2863,21955,Zero unauthorized/blocked/track/fit errors.
LA-011,C:\Users\ANDRE.ANDREWSPC\Documents\Codex\2026-08-25\stingray-i5-s-df8-14in-short-forward-powertrain-buoy\work\short14_external_buoy\validation\endpoints\endpoint_validation_summary.json,endpoint_validation_summary.json,C:\Users\ANDRE.ANDREWSPC\Documents\Codex\2026-08-25\stingray-i5-s-df8-14in-short-forward-powertrain-buoy,design/df8-14in-short-forward-powertrain-external-buoy,aa186c9c1c311c510ac34e48bd4170ef7636b7bf,2026-08-25T16:05:28-05:00,STINGRAY_I5S_DF8_SHORT14_FORWARD_POWERTRAIN_EXTERNAL_BUOY,STOWED/DEPLOYED endpoint summary,CURRENT DEVELOPMENTAL,1d7dd493b9802291e7b26e353197b18834e14234f45f535ded8cb8701ec1a6d3,76444,180 named occurrences and solids per state.
LA-012,C:\Users\ANDRE.ANDREWSPC\Documents\Codex\2026-08-25\stingray-i5-s-df8-14in-short-forward-powertrain-buoy\work\short14_external_buoy\EXTERNAL_BUOY_PACK_COMPONENT_REGISTER.csv,EXTERNAL_BUOY_PACK_COMPONENT_REGISTER.csv,C:\Users\ANDRE.ANDREWSPC\Documents\Codex\2026-08-25\stingray-i5-s-df8-14in-short-forward-powertrain-buoy,design/df8-14in-short-forward-powertrain-external-buoy,aa186c9c1c311c510ac34e48bd4170ef7636b7bf,2026-08-25T16:05:28-05:00,STINGRAY_I5S_DF8_SHORT14_FORWARD_POWERTRAIN_EXTERNAL_BUOY,External pack component and COTS/proxy register,CURRENT DEVELOPMENTAL,f4c6bcb86e014053eb18be1504e120b77d4e3912a80c29c7141b7789604a820c,13080,Hydro 1F remains a dimension-controlled proxy.
LA-013,C:\Users\ANDRE.ANDREWSPC\Documents\Codex\2026-08-25\stingray-i5-s-df8-14in-short-forward-powertrain-buoy\work\short14_external_buoy\BOM_DELTA.csv,BOM_DELTA.csv,C:\Users\ANDRE.ANDREWSPC\Documents\Codex\2026-08-25\stingray-i5-s-df8-14in-short-forward-powertrain-buoy,design/df8-14in-short-forward-powertrain-external-buoy,aa186c9c1c311c510ac34e48bd4170ef7636b7bf,2026-08-25T16:05:28-05:00,STINGRAY_I5S_DF8_SHORT14_FORWARD_POWERTRAIN_EXTERNAL_BUOY,Removed/added architecture definition delta,CURRENT DEVELOPMENTAL,c8c8d53021b9ba545b6d3916df83477c8f16e6352d512175893ab032ecd1a92a,76409,Tracks removal of internal inflation/ejector architecture.
LA-014,C:\Users\ANDRE.ANDREWSPC\Documents\Codex\2026-08-25\stingray-i5-s-df8-14in-short-forward-powertrain-buoy\work\short14_external_buoy\authoring_manifest.json,authoring_manifest.json,C:\Users\ANDRE.ANDREWSPC\Documents\Codex\2026-08-25\stingray-i5-s-df8-14in-short-forward-powertrain-buoy,design/df8-14in-short-forward-powertrain-external-buoy,aa186c9c1c311c510ac34e48bd4170ef7636b7bf,2026-08-25T16:05:28-05:00,STINGRAY_I5S_DF8_SHORT14_FORWARD_POWERTRAIN_EXTERNAL_BUOY,Authoring source manifest for newest local CAD,CURRENT DEVELOPMENTAL,af2dd8d54bca4b5e3337a2f04b4f302f94ba969d527d23d3eff4e7111a2f0547,1105,Bind regenerated outputs to this source tree and commit.
LA-015,C:\Users\ANDRE.ANDREWSPC\Documents\Codex\2026-08-25\stingray-i5-s-df8-14in-short-arm-buoy-pack\STINGRAY_I5S_DF8_14IN_SHORT_ARM_EXTERNAL_BUOY_STOWED_AP242.step,STINGRAY_I5S_DF8_14IN_SHORT_ARM_EXTERNAL_BUOY_STOWED_AP242.step,C:\Users\ANDRE.ANDREWSPC\Documents\Codex\2026-08-25\stingray-i5-s-df8-14in-short-arm-buoy-pack,design/df8-14in-short-arm-external-buoy-pack,0431fe05465ba59a1714f110a07c73f146131c96,2026-08-25T14:24:44-05:00,STINGRAY_I5S_DF8_14IN_SHORT_ARM_EXTERNAL_BUOY,Package 04 STOWED AP242,HISTORICAL,0e24135f35f86e5ec727bfcffa0f6d9c55195c44ab8af90c7a29b5a95cb505c7,15415537,Immediate predecessor to Package 05; not the newest CAD.
LA-016,C:\Users\ANDRE.ANDREWSPC\Documents\Codex\2026-08-25\stingray-i5-s-df8-14in-short-arm-buoy-pack\STINGRAY_I5S_DF8_14IN_SHORT_ARM_EXTERNAL_BUOY_DEPLOYED_AP242.step,STINGRAY_I5S_DF8_14IN_SHORT_ARM_EXTERNAL_BUOY_DEPLOYED_AP242.step,C:\Users\ANDRE.ANDREWSPC\Documents\Codex\2026-08-25\stingray-i5-s-df8-14in-short-arm-buoy-pack,design/df8-14in-short-arm-external-buoy-pack,0431fe05465ba59a1714f110a07c73f146131c96,2026-08-25T14:24:44-05:00,STINGRAY_I5S_DF8_14IN_SHORT_ARM_EXTERNAL_BUOY,Package 04 DEPLOYED AP242,HISTORICAL,dda7dde5140ff6a108f4e501f4a1e1d974a533b93403cc6ac13beb64f398d244,16929244,Immediate predecessor to Package 05; not the newest CAD.
LA-017,C:\Users\ANDRE.ANDREWSPC\Documents\Codex\2026-08-25\stingray-i5-s-df8-14in-short-arm-buoy-pack\STINGRAY_I5S_DF8_14IN_SHORT_ARM_EXTERNAL_BUOY_INSPECTION.zip,STINGRAY_I5S_DF8_14IN_SHORT_ARM_EXTERNAL_BUOY_INSPECTION.zip,C:\Users\ANDRE.ANDREWSPC\Documents\Codex\2026-08-25\stingray-i5-s-df8-14in-short-arm-buoy-pack,design/df8-14in-short-arm-external-buoy-pack,0431fe05465ba59a1714f110a07c73f146131c96,2026-08-25T14:24:44-05:00,STINGRAY_I5S_DF8_14IN_SHORT_ARM_EXTERNAL_BUOY,Package 04 owner-inspection ZIP,HISTORICAL,fe8254034291853678ae5a1f5b3d1bb8cb9d88eacafe12676dfb89f4afa92ff2,8071643,Immediate predecessor to Package 05; not the newest CAD.
LA-018,C:\Users\ANDRE.ANDREWSPC\Documents\Codex\2026-08-25\stingray-i5-s-df8-14in-short-arm-buoy-pack\VALIDATION_SUMMARY.md,VALIDATION_SUMMARY.md,C:\Users\ANDRE.ANDREWSPC\Documents\Codex\2026-08-25\stingray-i5-s-df8-14in-short-arm-buoy-pack,design/df8-14in-short-arm-external-buoy-pack,0431fe05465ba59a1714f110a07c73f146131c96,2026-08-25T14:24:44-05:00,STINGRAY_I5S_DF8_14IN_SHORT_ARM_EXTERNAL_BUOY,Package 04 validation summary,HISTORICAL,a710cc3e10aa114bede078c39d8243968aa5130b2d7cc70c4d01f703fcee59cd,1203,Immediate predecessor to Package 05; not the newest CAD.
LA-019,C:\Users\ANDRE.ANDREWSPC\Documents\Codex\2026-08-25\stingray-i5-s-df8-14in-short-arm-buoy-pack\VALIDATION_SUMMARY.json,VALIDATION_SUMMARY.json,C:\Users\ANDRE.ANDREWSPC\Documents\Codex\2026-08-25\stingray-i5-s-df8-14in-short-arm-buoy-pack,design/df8-14in-short-arm-external-buoy-pack,0431fe05465ba59a1714f110a07c73f146131c96,2026-08-25T14:24:44-05:00,STINGRAY_I5S_DF8_14IN_SHORT_ARM_EXTERNAL_BUOY,Package 04 machine-readable validation,HISTORICAL,a74d5ad8950807ec83222be01ef00e072e5d56bad995387b6da2d76a71942257,14510,Immediate predecessor to Package 05; not the newest CAD.
LA-020,C:\Users\ANDRE.ANDREWSPC\Documents\Codex\2026-08-25\stingray-i5-s-df8-14in-short-arm-buoy-pack\SHORT_ARM_EXTERNAL_BUOY_DESIGN_REPORT.md,SHORT_ARM_EXTERNAL_BUOY_DESIGN_REPORT.md,C:\Users\ANDRE.ANDREWSPC\Documents\Codex\2026-08-25\stingray-i5-s-df8-14in-short-arm-buoy-pack,design/df8-14in-short-arm-external-buoy-pack,0431fe05465ba59a1714f110a07c73f146131c96,2026-08-25T14:24:44-05:00,STINGRAY_I5S_DF8_14IN_SHORT_ARM_EXTERNAL_BUOY,Package 04 architecture report,HISTORICAL,d3d4c60609712b8d61fc7c309b9d20aaa44756d45611234495e5056f628d576f,3132,Immediate predecessor to Package 05; not the newest CAD.
LA-021,C:\Users\ANDRE.ANDREWSPC\Documents\Codex\2026-08-25\stingray-i5-s-df8-14in-short-arm-buoy-pack\SHORT_ARM_MISSION_ENVELOPE_COMPARISON.md,SHORT_ARM_MISSION_ENVELOPE_COMPARISON.md,C:\Users\ANDRE.ANDREWSPC\Documents\Codex\2026-08-25\stingray-i5-s-df8-14in-short-arm-buoy-pack,design/df8-14in-short-arm-external-buoy-pack,0431fe05465ba59a1714f110a07c73f146131c96,2026-08-25T14:24:44-05:00,STINGRAY_I5S_DF8_14IN_SHORT_ARM_EXTERNAL_BUOY,Package 04 mission-envelope comparison,HISTORICAL,1ae7b8c1bf4c9d13c3a1659d82a3bf0505d219662be8f389b5cdffd875ef0f7d,1505,Immediate predecessor to Package 05; not the newest CAD.
LA-022,C:\Users\ANDRE.ANDREWSPC\Documents\Codex\2026-08-25\stingray-i5-s-df8-14in-short-arm-buoy-pack\FINAL_MASS_CG_INERTIA.json,FINAL_MASS_CG_INERTIA.json,C:\Users\ANDRE.ANDREWSPC\Documents\Codex\2026-08-25\stingray-i5-s-df8-14in-short-arm-buoy-pack,design/df8-14in-short-arm-external-buoy-pack,0431fe05465ba59a1714f110a07c73f146131c96,2026-08-25T14:24:44-05:00,STINGRAY_I5S_DF8_14IN_SHORT_ARM_EXTERNAL_BUOY,Package 04 mass/CG/inertia,HISTORICAL,c60138b2a49fad912516f3a1192a38878ddaea6a3b63999c1132f4d8ef1676bc,126401,Immediate predecessor to Package 05; not the newest CAD.
LA-023,C:\Users\ANDRE.ANDREWSPC\Documents\Codex\2026-08-25\stingray-i5-s-df8-14in-short-arm-buoy-pack\work\short_arm_external_buoy\inspection_package_manifest.json,inspection_package_manifest.json,C:\Users\ANDRE.ANDREWSPC\Documents\Codex\2026-08-25\stingray-i5-s-df8-14in-short-arm-buoy-pack,design/df8-14in-short-arm-external-buoy-pack,0431fe05465ba59a1714f110a07c73f146131c96,2026-08-25T14:24:44-05:00,STINGRAY_I5S_DF8_14IN_SHORT_ARM_EXTERNAL_BUOY,Package 04 inspection manifest,HISTORICAL,3b84ef4ac659c226e151bad8caf9913d320eaa0dff3dd8f0c935fe21286b54e8,5786,Immediate predecessor to Package 05; not the newest CAD.
LA-024,C:\Users\ANDRE.ANDREWSPC\Documents\Codex\2026-08-24\stingray-i5-s-df8-forward-arm-repack\STINGRAY_I5S_DF8_FORWARD_ARM_REPACK_INSPECTION.zip,STINGRAY_I5S_DF8_FORWARD_ARM_REPACK_INSPECTION.zip,C:\Users\ANDRE.ANDREWSPC\Documents\Codex\2026-08-24\stingray-i5-s-df8-forward-arm-repack,design/df8-forward-arm-repack,a31fce0e768f354b1831331bc2ed145223c8b2c4,2026-08-24T15:33:07-05:00,DF8_FORWARD_ARM_REPACK_PIVOT_Z_480,Owner-inspection ZIP for 480 mm forward-arm checkpoint,HISTORICAL,e2abcd407afaaccaa5be87befde371b65d84317449dfbc127022309914cac20e,10719588,Source baseline for the later true-forward-powertrain SHORT14 branch.
LA-025,C:\Users\ANDRE.ANDREWSPC\Documents\Codex\2026-08-24\stingray-i5-s-df8-forward-arm-repack\work\forward_arm_repack\FORWARD_ARM_REPACK_COMPARISON.md,FORWARD_ARM_REPACK_COMPARISON.md,C:\Users\ANDRE.ANDREWSPC\Documents\Codex\2026-08-24\stingray-i5-s-df8-forward-arm-repack,design/df8-forward-arm-repack,a31fce0e768f354b1831331bc2ed145223c8b2c4,2026-08-24T15:33:07-05:00,DF8_FORWARD_ARM_REPACK_PIVOT_Z_480,Forward-arm geometry comparison,HISTORICAL,c8f37854c718798a6cb4b2a9c3219e2f24a50a64b0e02f3895221ba7b6066852,4145,Source baseline for the later true-forward-powertrain SHORT14 branch.
LA-026,C:\Users\ANDRE.ANDREWSPC\Documents\Codex\2026-08-24\stingray-i5-s-df8-forward-arm-repack\work\forward_arm_repack\five_angle_boolean_gate_pass2\five_angle_exact_boolean_summary.json,five_angle_exact_boolean_summary.json,C:\Users\ANDRE.ANDREWSPC\Documents\Codex\2026-08-24\stingray-i5-s-df8-forward-arm-repack,design/df8-forward-arm-repack,a31fce0e768f354b1831331bc2ed145223c8b2c4,2026-08-24T15:33:07-05:00,DF8_FORWARD_ARM_REPACK_PIVOT_Z_480,Accepted five-angle exact Boolean result,HISTORICAL,e3969758a64d33ee0c2f87a35c84fd6de10f73aa99fce481a9596125d511b23f,63381,Source baseline for the later true-forward-powertrain SHORT14 branch.
LA-027,C:\Users\ANDRE.ANDREWSPC\Documents\Codex\2026-08-24\stingray-i5-s-df8-forward-arm-repack\work\forward_arm_repack\mass_cg_inertia_comparison.json,mass_cg_inertia_comparison.json,C:\Users\ANDRE.ANDREWSPC\Documents\Codex\2026-08-24\stingray-i5-s-df8-forward-arm-repack,design/df8-forward-arm-repack,a31fce0e768f354b1831331bc2ed145223c8b2c4,2026-08-24T15:33:07-05:00,DF8_FORWARD_ARM_REPACK_PIVOT_Z_480,Forward-arm mass/CG comparison,HISTORICAL,1fdf6ed29981982f7e4303b3a548b7344cfa449cfed94391f2233a72a5bbe8da,1738,Source baseline for the later true-forward-powertrain SHORT14 branch.
LA-028,C:\Users\ANDRE.ANDREWSPC\Documents\Codex\2026-08-24\stingray-i5-s-df8-forward-arm-repack\work\forward_arm_repack\targeted_validation_summary.json,targeted_validation_summary.json,C:\Users\ANDRE.ANDREWSPC\Documents\Codex\2026-08-24\stingray-i5-s-df8-forward-arm-repack,design/df8-forward-arm-repack,a31fce0e768f354b1831331bc2ed145223c8b2c4,2026-08-24T15:33:07-05:00,DF8_FORWARD_ARM_REPACK_PIVOT_Z_480,Forward-arm targeted validation summary,HISTORICAL,ce0be0ad1a3c64c8358c0ab1928854604db325b8eaaa94374eef36e85ca40c13,62556,Source baseline for the later true-forward-powertrain SHORT14 branch.
LA-029,C:\Users\ANDRE.ANDREWSPC\Documents\Codex\2026-08-25\stingray-i5-s-df8-final-commercial-module\COMMERCIAL_AUTOMATIC_MODULE_EVIDENCE.csv,COMMERCIAL_AUTOMATIC_MODULE_EVIDENCE.csv,C:\Users\ANDRE.ANDREWSPC\Documents\Codex\2026-08-25\stingray-i5-s-df8-final-commercial-module,design/df8-final-commercial-module-closure,f8c38b16eb3ed80a9180254f9ee8ddad5a40f3da,2026-08-25T09:23:13-05:00,FIXED_480_COMMERCIAL_AUTOMATIC_MODULE_CLOSURE,Exact commercial module evidence matrix,HISTORICAL,ab054ed9ac8cedf2ae4330b9237d6b36c7d021739b5112da701bee9a5036c516,5431,Terminal fixed-480 internal/commercial-module non-pass; no CAD branch output authorized.
LA-030,C:\Users\ANDRE.ANDREWSPC\Documents\Codex\2026-08-25\stingray-i5-s-df8-final-commercial-module\COMMERCIAL_AUTOMATIC_MODULE_EVIDENCE.json,COMMERCIAL_AUTOMATIC_MODULE_EVIDENCE.json,C:\Users\ANDRE.ANDREWSPC\Documents\Codex\2026-08-25\stingray-i5-s-df8-final-commercial-module,design/df8-final-commercial-module-closure,f8c38b16eb3ed80a9180254f9ee8ddad5a40f3da,2026-08-25T09:23:13-05:00,FIXED_480_COMMERCIAL_AUTOMATIC_MODULE_CLOSURE,Machine-readable module evidence matrix,HISTORICAL,326555a4ba2291a98c1aae9c18b16012b2b886395b987344dda85fe139b6ad85,8039,Terminal fixed-480 internal/commercial-module non-pass; no CAD branch output authorized.
LA-031,C:\Users\ANDRE.ANDREWSPC\Documents\Codex\2026-08-25\stingray-i5-s-df8-final-commercial-module\COMMERCIAL_MODULE_PACKAGE_GATE_FINAL.md,COMMERCIAL_MODULE_PACKAGE_GATE_FINAL.md,C:\Users\ANDRE.ANDREWSPC\Documents\Codex\2026-08-25\stingray-i5-s-df8-final-commercial-module,design/df8-final-commercial-module-closure,f8c38b16eb3ed80a9180254f9ee8ddad5a40f3da,2026-08-25T09:23:13-05:00,FIXED_480_COMMERCIAL_AUTOMATIC_MODULE_CLOSURE,Commercial module gate disposition,HISTORICAL,25a315eb7a0489c604b7feb9bcf5e33e06ae9c48d642853414ae051cb6aedcad,6098,Terminal fixed-480 internal/commercial-module non-pass; no CAD branch output authorized.
LA-032,C:\Users\ANDRE.ANDREWSPC\Documents\Codex\2026-08-25\stingray-i5-s-df8-final-commercial-module\COMMERCIAL_MODULE_PACKAGE_SCREEN.csv,COMMERCIAL_MODULE_PACKAGE_SCREEN.csv,C:\Users\ANDRE.ANDREWSPC\Documents\Codex\2026-08-25\stingray-i5-s-df8-final-commercial-module,design/df8-final-commercial-module-closure,f8c38b16eb3ed80a9180254f9ee8ddad5a40f3da,2026-08-25T09:23:13-05:00,FIXED_480_COMMERCIAL_AUTOMATIC_MODULE_CLOSURE,Complete module package screen,HISTORICAL,5713003d97bca5adea822916065131c19c1c01b0781a6660173c8aa0d17d0b9a,1967,Terminal fixed-480 internal/commercial-module non-pass; no CAD branch output authorized.
LA-033,C:\Users\ANDRE.ANDREWSPC\Documents\Codex\2026-08-25\stingray-i5-s-df8-final-commercial-module\COMMERCIAL_MODULE_NONPASS_MANIFEST.json,COMMERCIAL_MODULE_NONPASS_MANIFEST.json,C:\Users\ANDRE.ANDREWSPC\Documents\Codex\2026-08-25\stingray-i5-s-df8-final-commercial-module,design/df8-final-commercial-module-closure,f8c38b16eb3ed80a9180254f9ee8ddad5a40f3da,2026-08-25T09:23:13-05:00,FIXED_480_COMMERCIAL_AUTOMATIC_MODULE_CLOSURE,Measured non-pass manifest,HISTORICAL,3483a59806d112a4310f938c13df6a01b52eef6e33f0de3bac06a66f66bc00dc,2767,Terminal fixed-480 internal/commercial-module non-pass; no CAD branch output authorized.
LA-034,C:\Users\ANDRE.ANDREWSPC\Documents\Codex\2026-08-25\stingray-i5-s-df8-final-commercial-module\COMMERCIAL_MODULE_NONPASS_README.md,COMMERCIAL_MODULE_NONPASS_README.md,C:\Users\ANDRE.ANDREWSPC\Documents\Codex\2026-08-25\stingray-i5-s-df8-final-commercial-module,design/df8-final-commercial-module-closure,f8c38b16eb3ed80a9180254f9ee8ddad5a40f3da,2026-08-25T09:23:13-05:00,FIXED_480_COMMERCIAL_AUTOMATIC_MODULE_CLOSURE,Measured non-pass handoff,HISTORICAL,2b822176541709628606048611f1fafe6ef730186b0a8687f7f6c6184d211dcc,757,Terminal fixed-480 internal/commercial-module non-pass; no CAD branch output authorized.
LA-035,C:\Users\ANDRE.ANDREWSPC\Documents\Codex\2026-08-25\stingray-i5-s-df8-final-commercial-module\STINGRAY_I5S_DF8_COMMERCIAL_MODULE_NONPASS.zip,STINGRAY_I5S_DF8_COMMERCIAL_MODULE_NONPASS.zip,C:\Users\ANDRE.ANDREWSPC\Documents\Codex\2026-08-25\stingray-i5-s-df8-final-commercial-module,design/df8-final-commercial-module-closure,f8c38b16eb3ed80a9180254f9ee8ddad5a40f3da,2026-08-25T09:23:13-05:00,FIXED_480_COMMERCIAL_AUTOMATIC_MODULE_CLOSURE,Commercial-module evidence ZIP,HISTORICAL,bf5895723678873c872c1bd8c10a8217205358328356f1f703a8d2cc8f83db2e,25830,Terminal fixed-480 internal/commercial-module non-pass; no CAD branch output authorized.
LA-036,C:\Users\ANDRE.ANDREWSPC\Documents\Codex\2026-08-24\stingray-i5-s-df8-final-staged-inflation\STINGRAY_I5S_DF8_FINAL_STAGED_INFLATION_INSPECTION.zip,STINGRAY_I5S_DF8_FINAL_STAGED_INFLATION_INSPECTION.zip,C:\Users\ANDRE.ANDREWSPC\Documents\Codex\2026-08-24\stingray-i5-s-df8-final-staged-inflation,design/df8-final-staged-inflation-convergence,dce7a53643a35d80f5cd6f63f09852ab565a4165,2026-08-25T08:31:44-05:00,FIXED_480_STAGED_INFLATION_PATH_B,Staged-inflation inspection package,HISTORICAL,05090fd14825914a8ab9d0237196332e00cae2e91db923f01f0d38faa5e9b21a,10336808,Thermodynamic inventory passed; no installed branch passed all application/package gates.
LA-037,C:\Users\ANDRE.ANDREWSPC\Documents\Codex\2026-08-24\stingray-i5-s-df8-final-staged-inflation\FINAL_STAGED_INFLATION_CONVERGENCE_REPORT.md,FINAL_STAGED_INFLATION_CONVERGENCE_REPORT.md,C:\Users\ANDRE.ANDREWSPC\Documents\Codex\2026-08-24\stingray-i5-s-df8-final-staged-inflation,design/df8-final-staged-inflation-convergence,dce7a53643a35d80f5cd6f63f09852ab565a4165,2026-08-25T08:31:44-05:00,FIXED_480_STAGED_INFLATION_PATH_B,Staged-inflation convergence report,HISTORICAL,ddef6c21db3177756ff77924452b77d92fc3bde34b1bb584b119f0c43bb2c32c,5091,Thermodynamic inventory passed; no installed branch passed all application/package gates.
LA-038,C:\Users\ANDRE.ANDREWSPC\Documents\Codex\2026-08-24\stingray-i5-s-df8-final-staged-inflation\FINAL_VALIDATION_SUMMARY.md,FINAL_VALIDATION_SUMMARY.md,C:\Users\ANDRE.ANDREWSPC\Documents\Codex\2026-08-24\stingray-i5-s-df8-final-staged-inflation,design/df8-final-staged-inflation-convergence,dce7a53643a35d80f5cd6f63f09852ab565a4165,2026-08-25T08:31:44-05:00,FIXED_480_STAGED_INFLATION_PATH_B,Staged-inflation validation status,HISTORICAL,40bf2bc410c1c73d62e4fce2ac5f033ac90d70aa1e7def8691d3bbd5ae5b0c79,2419,Thermodynamic inventory passed; no installed branch passed all application/package gates.
LA-039,C:\Users\ANDRE.ANDREWSPC\Documents\Codex\2026-08-24\stingray-i5-s-df8-final-staged-inflation\FINAL_VALIDATION_SUMMARY.json,FINAL_VALIDATION_SUMMARY.json,C:\Users\ANDRE.ANDREWSPC\Documents\Codex\2026-08-24\stingray-i5-s-df8-final-staged-inflation,design/df8-final-staged-inflation-convergence,dce7a53643a35d80f5cd6f63f09852ab565a4165,2026-08-25T08:31:44-05:00,FIXED_480_STAGED_INFLATION_PATH_B,Machine-readable staged status,HISTORICAL,2bc7d2658bd9264b7d2fcc6d95965e52eff5a3275aaa87d5c8fad430f1073723,4842,Thermodynamic inventory passed; no installed branch passed all application/package gates.
LA-040,C:\Users\ANDRE.ANDREWSPC\Documents\Codex\2026-08-24\stingray-i5-s-df8-final-staged-inflation\STAGED_BUOYANCY_CALCULATION.csv,STAGED_BUOYANCY_CALCULATION.csv,C:\Users\ANDRE.ANDREWSPC\Documents\Codex\2026-08-24\stingray-i5-s-df8-final-staged-inflation,design/df8-final-staged-inflation-convergence,dce7a53643a35d80f5cd6f63f09852ab565a4165,2026-08-25T08:31:44-05:00,FIXED_480_STAGED_INFLATION_PATH_B,Depth/cold/time buoyancy calculation,HISTORICAL,bbbeb802911fa6d6c22c62b13e948310f2d0035ffbd64a59695836ce5d887870,10710,Thermodynamic inventory passed; no installed branch passed all application/package gates.
LA-041,C:\Users\ANDRE.ANDREWSPC\Documents\Codex\2026-08-24\stingray-i5-s-df8-final-staged-inflation\STAGED_INFLATION_TOPOLOGY_LAYOUT_SCREEN.md,STAGED_INFLATION_TOPOLOGY_LAYOUT_SCREEN.md,C:\Users\ANDRE.ANDREWSPC\Documents\Codex\2026-08-24\stingray-i5-s-df8-final-staged-inflation,design/df8-final-staged-inflation-convergence,dce7a53643a35d80f5cd6f63f09852ab565a4165,2026-08-25T08:31:44-05:00,FIXED_480_STAGED_INFLATION_PATH_B,Installed topology/package screen,HISTORICAL,c022a79576ec934e27c89304f7a28c8feae96d26b2ed5d25e1fd539b7ad26395,5990,Thermodynamic inventory passed; no installed branch passed all application/package gates.
LA-042,C:\Users\ANDRE.ANDREWSPC\Documents\Codex\2026-08-24\stingray-i5-s-df8-final-staged-inflation\FINAL_COTS_ACCOUNTING.csv,FINAL_COTS_ACCOUNTING.csv,C:\Users\ANDRE.ANDREWSPC\Documents\Codex\2026-08-24\stingray-i5-s-df8-final-staged-inflation,design/df8-final-staged-inflation-convergence,dce7a53643a35d80f5cd6f63f09852ab565a4165,2026-08-25T08:31:44-05:00,FIXED_480_STAGED_INFLATION_PATH_B,Staged branch COTS accounting,HISTORICAL,3bfc4af3ec1684387074ac911b76b654b2eb13304e00746f59776183e88ea16a,1158,Thermodynamic inventory passed; no installed branch passed all application/package gates.
LA-043,C:\Users\ANDRE.ANDREWSPC\Documents\Codex\2026-08-24\stingray-i5-s-df8-final-staged-inflation\VENDOR_PROXY_REGISTER.csv,VENDOR_PROXY_REGISTER.csv,C:\Users\ANDRE.ANDREWSPC\Documents\Codex\2026-08-24\stingray-i5-s-df8-final-staged-inflation,design/df8-final-staged-inflation-convergence,dce7a53643a35d80f5cd6f63f09852ab565a4165,2026-08-25T08:31:44-05:00,FIXED_480_STAGED_INFLATION_PATH_B,Staged branch vendor/proxy register,HISTORICAL,bf77948bd8880ebc24ba863a5eaf98fbaa6853b44fab19ef6a24405ce983e484,2534,Thermodynamic inventory passed; no installed branch passed all application/package gates.
LA-044,C:\Users\ANDRE.ANDREWSPC\Documents\Codex\2026-08-24\stingray-i5-s-df8-final-distributed\STINGRAY_I5S_DF8_FINAL_DISTRIBUTED_COTS_INSPECTION.zip,STINGRAY_I5S_DF8_FINAL_DISTRIBUTED_COTS_INSPECTION.zip,C:\Users\ANDRE.ANDREWSPC\Documents\Codex\2026-08-24\stingray-i5-s-df8-final-distributed,design/df8-final-distributed-pressure-convergence,7f5d06fdb83dc879b2b98094c1e498c5c9e6ff23,2026-08-25T07:14:09-05:00,FIXED_480_DISTRIBUTED_PRESSURE_PATH_B,Distributed-pressure evidence ZIP,HISTORICAL,bb0b7b7793877640b4a03824b9af380cace7a564c841878b27be4d23bbd4f8ce,19338,Measured architecture non-pass; downstream fields remain not run/calculable.
LA-045,C:\Users\ANDRE.ANDREWSPC\Documents\Codex\2026-08-24\stingray-i5-s-df8-final-distributed\FINAL_DISTRIBUTED_CONVERGENCE_REPORT.md,FINAL_DISTRIBUTED_CONVERGENCE_REPORT.md,C:\Users\ANDRE.ANDREWSPC\Documents\Codex\2026-08-24\stingray-i5-s-df8-final-distributed,design/df8-final-distributed-pressure-convergence,7f5d06fdb83dc879b2b98094c1e498c5c9e6ff23,2026-08-25T07:14:09-05:00,FIXED_480_DISTRIBUTED_PRESSURE_PATH_B,Distributed-pressure convergence report,HISTORICAL,232d6611dd8c57b21005da703b952da77ec7e53ae76164aedd13bbe5061ecd13,2844,Measured architecture non-pass; downstream fields remain not run/calculable.
LA-046,C:\Users\ANDRE.ANDREWSPC\Documents\Codex\2026-08-24\stingray-i5-s-df8-final-distributed\FINAL_VALIDATION_SUMMARY.md,FINAL_VALIDATION_SUMMARY.md,C:\Users\ANDRE.ANDREWSPC\Documents\Codex\2026-08-24\stingray-i5-s-df8-final-distributed,design/df8-final-distributed-pressure-convergence,7f5d06fdb83dc879b2b98094c1e498c5c9e6ff23,2026-08-25T07:14:09-05:00,FIXED_480_DISTRIBUTED_PRESSURE_PATH_B,Distributed-pressure validation status,HISTORICAL,79c7421656e54f7f8595f0cd6cb6dcc277180617e8e39b9cd292d647a62a0ca2,1310,Measured architecture non-pass; downstream fields remain not run/calculable.
LA-047,C:\Users\ANDRE.ANDREWSPC\Documents\Codex\2026-08-24\stingray-i5-s-df8-final-distributed\FINAL_PRESSURE_PATH_REGISTER.csv,FINAL_PRESSURE_PATH_REGISTER.csv,C:\Users\ANDRE.ANDREWSPC\Documents\Codex\2026-08-24\stingray-i5-s-df8-final-distributed,design/df8-final-distributed-pressure-convergence,7f5d06fdb83dc879b2b98094c1e498c5c9e6ff23,2026-08-25T07:14:09-05:00,FIXED_480_DISTRIBUTED_PRESSURE_PATH_B,Pressure path register,HISTORICAL,e28513faf6bef0544bf7a629addb33ba5156c8fd2ef5beca95a310864e60804a,1292,Measured architecture non-pass; downstream fields remain not run/calculable.
LA-048,C:\Users\ANDRE.ANDREWSPC\Documents\Codex\2026-08-24\stingray-i5-s-df8-final-distributed\FINAL_COTS_ACCOUNTING.csv,FINAL_COTS_ACCOUNTING.csv,C:\Users\ANDRE.ANDREWSPC\Documents\Codex\2026-08-24\stingray-i5-s-df8-final-distributed,design/df8-final-distributed-pressure-convergence,7f5d06fdb83dc879b2b98094c1e498c5c9e6ff23,2026-08-25T07:14:09-05:00,FIXED_480_DISTRIBUTED_PRESSURE_PATH_B,Distributed branch COTS accounting,HISTORICAL,144268e1bf3e08298bc376904ebfbc12a7e45384385df46a197fccc213293be9,1730,Measured architecture non-pass; downstream fields remain not run/calculable.
LA-049,C:\Users\ANDRE.ANDREWSPC\Documents\Codex\2026-08-24\stingray-i5-s-df8-final-distributed\MEASURED_NON_PASS_PACKAGE_MANIFEST.json,MEASURED_NON_PASS_PACKAGE_MANIFEST.json,C:\Users\ANDRE.ANDREWSPC\Documents\Codex\2026-08-24\stingray-i5-s-df8-final-distributed,design/df8-final-distributed-pressure-convergence,7f5d06fdb83dc879b2b98094c1e498c5c9e6ff23,2026-08-25T07:14:09-05:00,FIXED_480_DISTRIBUTED_PRESSURE_PATH_B,Distributed measured non-pass manifest,HISTORICAL,7befe4e781cc42e96c8a51d9d73fb75a49154425412d815cf83ef47650b65c97,3533,Measured architecture non-pass; downstream fields remain not run/calculable.
LA-050,C:\Users\ANDRE.ANDREWSPC\Documents\Codex\2026-08-24\stingray-i5-s-df8-final-converged\PRESSURE_PACKAGING_480_SCREEN.md,PRESSURE_PACKAGING_480_SCREEN.md,C:\Users\ANDRE.ANDREWSPC\Documents\Codex\2026-08-24\stingray-i5-s-df8-final-converged,design/df8-final-converged-cots-forward-arm,17870c53e3ceecbab88e28d7ccad0ae7047f1db6,2026-08-24T21:17:40-05:00,FIXED_480_ARCH_C_WITH_SEPARATE_889_FALLBACK,Fixed-480 pressure packaging decision,HISTORICAL,8f9bb57d437d50351a3cbe3b71efc37224a4d753d30d01c459350ff810247cb5,3617,889 mm evidence is not a fixed-480 final geometry and remains uncommitted operator work.
LA-051,C:\Users\ANDRE.ANDREWSPC\Documents\Codex\2026-08-24\stingray-i5-s-df8-final-converged\DISTRIBUTED_SOURCE_480_SCREEN.md,DISTRIBUTED_SOURCE_480_SCREEN.md,C:\Users\ANDRE.ANDREWSPC\Documents\Codex\2026-08-24\stingray-i5-s-df8-final-converged,design/df8-final-converged-cots-forward-arm,17870c53e3ceecbab88e28d7ccad0ae7047f1db6,2026-08-24T21:17:40-05:00,FIXED_480_ARCH_C_WITH_SEPARATE_889_FALLBACK,Fixed-480 source-count screen,HISTORICAL,7a3a1aef2a0d8650b829d59f178eefab7531ae816f8088abc1a3a090c8547114,7965,889 mm evidence is not a fixed-480 final geometry and remains uncommitted operator work.
LA-052,C:\Users\ANDRE.ANDREWSPC\Documents\Codex\2026-08-24\stingray-i5-s-df8-final-converged\work\final_convergence\fallback_889_checkpoint\FALLBACK_889_VALIDATION_SUMMARY.json,FALLBACK_889_VALIDATION_SUMMARY.json,C:\Users\ANDRE.ANDREWSPC\Documents\Codex\2026-08-24\stingray-i5-s-df8-final-converged,design/df8-final-converged-cots-forward-arm,17870c53e3ceecbab88e28d7ccad0ae7047f1db6,2026-08-24T21:17:40-05:00,FIXED_480_ARCH_C_WITH_SEPARATE_889_FALLBACK,Untracked 889 mm fallback validation evidence,EVIDENCE HOLD,9ceffc1c7bb9d968f3723e1fd3d693094b262935df919a76d884784a84f28df3,5002,889 mm evidence is not a fixed-480 final geometry and remains uncommitted operator work.
LA-053,C:\Users\ANDRE.ANDREWSPC\Documents\Codex\2026-08-24\stingray-i5-s-df8-final-converged\work\final_convergence\fallback_889_checkpoint\FALLBACK_889_INSPECTION.zip,FALLBACK_889_INSPECTION.zip,C:\Users\ANDRE.ANDREWSPC\Documents\Codex\2026-08-24\stingray-i5-s-df8-final-converged,design/df8-final-converged-cots-forward-arm,17870c53e3ceecbab88e28d7ccad0ae7047f1db6,2026-08-24T21:17:40-05:00,FIXED_480_ARCH_C_WITH_SEPARATE_889_FALLBACK,Untracked 889 mm fallback ZIP,EVIDENCE HOLD,52b84958d7c13ae1c59930b862e23f875a083dad28f66df09ff8d25fab65d6d7,9303212,889 mm evidence is not a fixed-480 final geometry and remains uncommitted operator work.
LA-054,C:\Users\ANDRE.ANDREWSPC\Documents\Codex\2026-08-24\stingray-i5-s-df8-arch-c-forward-packed\work\arch_c_forward_packed\developmental_release\STINGRAY_I5S_DF8_ARCH_C_FORWARD_PACKED_STOWED_AP242.step,STINGRAY_I5S_DF8_ARCH_C_FORWARD_PACKED_STOWED_AP242.step,C:\Users\ANDRE.ANDREWSPC\Documents\Codex\2026-08-24\stingray-i5-s-df8-arch-c-forward-packed,build/arch-c-forward-packed,abe9d93d2dada6150daa9a652885c472a6a06464,2026-08-24T15:33:16-05:00,ARCH_C_FORWARD_PACKED_DEVELOPMENTAL,Architecture C STOWED AP242,HISTORICAL,3010ab96398a1e3fb713f4b95717ea38f2de854a5de72ee49935eea0db1dcf73,17384337,Interface/proxy CAD only; not vendor-exact or release acceptance.
LA-055,C:\Users\ANDRE.ANDREWSPC\Documents\Codex\2026-08-24\stingray-i5-s-df8-arch-c-forward-packed\work\arch_c_forward_packed\developmental_release\STINGRAY_I5S_DF8_ARCH_C_FORWARD_PACKED_DEPLOYED_AP242.step,STINGRAY_I5S_DF8_ARCH_C_FORWARD_PACKED_DEPLOYED_AP242.step,C:\Users\ANDRE.ANDREWSPC\Documents\Codex\2026-08-24\stingray-i5-s-df8-arch-c-forward-packed,build/arch-c-forward-packed,abe9d93d2dada6150daa9a652885c472a6a06464,2026-08-24T15:33:16-05:00,ARCH_C_FORWARD_PACKED_DEVELOPMENTAL,Architecture C DEPLOYED AP242,HISTORICAL,ee84555a3ccf944b84b2babd6609e85fe8277bf1648a554f96d77b323447c62c,19062683,Interface/proxy CAD only; not vendor-exact or release acceptance.
LA-056,C:\Users\ANDRE.ANDREWSPC\Documents\Codex\2026-08-24\stingray-i5-s-df8-arch-c-forward-packed\work\arch_c_forward_packed\developmental_release\ARCH_C_DEVELOPMENTAL_VALIDATION.md,ARCH_C_DEVELOPMENTAL_VALIDATION.md,C:\Users\ANDRE.ANDREWSPC\Documents\Codex\2026-08-24\stingray-i5-s-df8-arch-c-forward-packed,build/arch-c-forward-packed,abe9d93d2dada6150daa9a652885c472a6a06464,2026-08-24T15:33:16-05:00,ARCH_C_FORWARD_PACKED_DEVELOPMENTAL,Architecture C developmental validation,HISTORICAL,623100d87985084e67817e14af8dd6512f043f20e113a2d313424f1258b3b461,5018,Interface/proxy CAD only; not vendor-exact or release acceptance.
LA-057,C:\Users\ANDRE.ANDREWSPC\Documents\Codex\2026-08-23\stingray-i5-s-df8-state-parity-targeted-retrofit\work\targeted_cots_release\STINGRAY_I5S_DF8_TARGETED_COTS_STOWED_AP242.step,STINGRAY_I5S_DF8_TARGETED_COTS_STOWED_AP242.step,C:\Users\ANDRE.ANDREWSPC\Documents\Codex\2026-08-23\stingray-i5-s-df8-state-parity-targeted-retrofit,design/df8-targeted-cots-retrofit,584e673a8b0490bc0b6ec1e508d5fc3426f45f5b,2026-08-24T12:23:49-05:00,DF8_TARGETED_COTS_DEVELOPMENTAL,Targeted-COTS STOWED AP242,HISTORICAL,8d7d5c4930a4dad5b23d7ac4c2a66b0e2567106b5c5124ed1dd49735767ecb6d,19747630,Untracked rows are preserved in place and were not committed or altered.
LA-058,C:\Users\ANDRE.ANDREWSPC\Documents\Codex\2026-08-23\stingray-i5-s-df8-state-parity-targeted-retrofit\work\targeted_cots_release\STINGRAY_I5S_DF8_TARGETED_COTS_DEPLOYED_AP242.step,STINGRAY_I5S_DF8_TARGETED_COTS_DEPLOYED_AP242.step,C:\Users\ANDRE.ANDREWSPC\Documents\Codex\2026-08-23\stingray-i5-s-df8-state-parity-targeted-retrofit,design/df8-targeted-cots-retrofit,584e673a8b0490bc0b6ec1e508d5fc3426f45f5b,2026-08-24T12:23:49-05:00,DF8_TARGETED_COTS_DEVELOPMENTAL,Targeted-COTS DEPLOYED AP242,HISTORICAL,42fce19a5ba93d8d61fb760b0fde3c6320126b691d79a9f5f70f65ee525bf717,21411068,Untracked rows are preserved in place and were not committed or altered.
LA-059,C:\Users\ANDRE.ANDREWSPC\Documents\Codex\2026-08-23\stingray-i5-s-df8-state-parity-targeted-retrofit\work\targeted_cots_analysis\TARGETED_COTS_FINAL_BOM.csv,TARGETED_COTS_FINAL_BOM.csv,C:\Users\ANDRE.ANDREWSPC\Documents\Codex\2026-08-23\stingray-i5-s-df8-state-parity-targeted-retrofit,design/df8-targeted-cots-retrofit,584e673a8b0490bc0b6ec1e508d5fc3426f45f5b,2026-08-24T12:23:49-05:00,DF8_TARGETED_COTS_DEVELOPMENTAL,Targeted-COTS exact final BOM,HISTORICAL,3513d8588e99eb7d6a1412f167b956f3d2e2c489462b67a3d2dac03dc6b90486,32289,Untracked rows are preserved in place and were not committed or altered.
LA-060,C:\Users\ANDRE.ANDREWSPC\Documents\Codex\2026-08-23\stingray-i5-s-df8-state-parity-targeted-retrofit\work\targeted_cots_analysis\validation\VALIDATION_SUMMARY.json,VALIDATION_SUMMARY.json,C:\Users\ANDRE.ANDREWSPC\Documents\Codex\2026-08-23\stingray-i5-s-df8-state-parity-targeted-retrofit,design/df8-targeted-cots-retrofit,584e673a8b0490bc0b6ec1e508d5fc3426f45f5b,2026-08-24T12:23:49-05:00,DF8_TARGETED_COTS_DEVELOPMENTAL,Targeted-COTS validation summary,HISTORICAL,28355a92385ea8fc77e23ff61610e07af9590d898365d398a81ff562644a21cc,67906,Untracked rows are preserved in place and were not committed or altered.
LA-061,C:\Users\ANDRE.ANDREWSPC\Documents\Codex\2026-08-23\stingray-i5-s-df8-state-parity-targeted-retrofit\work\targeted_cots_analysis\validation\targeted_delta_pair_summary.json,targeted_delta_pair_summary.json,C:\Users\ANDRE.ANDREWSPC\Documents\Codex\2026-08-23\stingray-i5-s-df8-state-parity-targeted-retrofit,design/df8-targeted-cots-retrofit,584e673a8b0490bc0b6ec1e508d5fc3426f45f5b,2026-08-24T12:23:49-05:00,DF8_TARGETED_COTS_DEVELOPMENTAL,Targeted substitution exact-pair evidence,HISTORICAL,e5a61c853921313391131f861de5c503c6e30cbb4176b13a6f43f83444573f29,2419,Untracked rows are preserved in place and were not committed or altered.
LA-062,C:\Users\ANDRE.ANDREWSPC\Documents\Codex\2026-08-23\stingray-i5-s-df8-state-parity-targeted-retrofit\work\targeted_cots_analysis\validation\endpoint_pair_audit_stowed.csv.gz,endpoint_pair_audit_stowed.csv.gz,C:\Users\ANDRE.ANDREWSPC\Documents\Codex\2026-08-23\stingray-i5-s-df8-state-parity-targeted-retrofit,design/df8-targeted-cots-retrofit,584e673a8b0490bc0b6ec1e508d5fc3426f45f5b,2026-08-24T12:23:49-05:00,DF8_TARGETED_COTS_DEVELOPMENTAL,Untracked targeted endpoint evidence,EVIDENCE HOLD,b09621ee598e9b35234daac5e0e660e4d3323cde1967165f698117d5fade9770,1139948,Untracked rows are preserved in place and were not committed or altered.
LA-063,C:\Users\ANDRE.ANDREWSPC\Documents\Codex\2026-08-23\stingray-i5-s-df8-state-parity-targeted-retrofit\work\targeted_cots_analysis\validation\attachment_connectivity_stowed.csv,attachment_connectivity_stowed.csv,C:\Users\ANDRE.ANDREWSPC\Documents\Codex\2026-08-23\stingray-i5-s-df8-state-parity-targeted-retrofit,design/df8-targeted-cots-retrofit,584e673a8b0490bc0b6ec1e508d5fc3426f45f5b,2026-08-24T12:23:49-05:00,DF8_TARGETED_COTS_DEVELOPMENTAL,Untracked targeted connectivity evidence,EVIDENCE HOLD,54e01320759079c1cd1d354496e20bc78fc4a89daf2d4a37bc0fa63e5f837c6a,50257,Untracked rows are preserved in place and were not committed or altered.
LA-064,C:\Users\ANDRE.ANDREWSPC\Documents\Codex\2026-08-23\stingray-i5-s-df8-final-cad-semantic-cleanup\STINGRAY_I5S_DF8_FINAL_DETAIL_CORRECTION_INSPECTION.zip,STINGRAY_I5S_DF8_FINAL_DETAIL_CORRECTION_INSPECTION.zip,C:\Users\ANDRE.ANDREWSPC\Documents\Codex\2026-08-23\stingray-i5-s-df8-final-cad-semantic-cleanup,fix/final-cad-semantic-cleanup,8c594781e27b0597a71957082fb64f152cacfcd9,2026-08-23T21:29:29-05:00,DF8_R2_FINAL_DETAIL_CLEANUP,Final semantic/detail cleanup inspection ZIP,HISTORICAL,90658aed74142cab309f2c23f0ad5904a54afac4d3a8fd2df6820f97fe7406c5,9459865,Targeted cleanup PASS is not an 81-state release sweep.
LA-065,C:\Users\ANDRE.ANDREWSPC\Documents\Codex\2026-08-23\stingray-i5-s-df8-final-cad-semantic-cleanup\work\final_detail_inspection\STINGRAY_I5S_DF8_FINAL_STOWED_MASTER_AP242.step,STINGRAY_I5S_DF8_FINAL_STOWED_MASTER_AP242.step,C:\Users\ANDRE.ANDREWSPC\Documents\Codex\2026-08-23\stingray-i5-s-df8-final-cad-semantic-cleanup,fix/final-cad-semantic-cleanup,8c594781e27b0597a71957082fb64f152cacfcd9,2026-08-23T21:29:29-05:00,DF8_R2_FINAL_DETAIL_CLEANUP,Corrected R2 STOWED AP242,HISTORICAL,960c7ca5c25e5df230c2672358ba577c187f6eb0a1012f04b2020e5f956a608f,19775272,Targeted cleanup PASS is not an 81-state release sweep.
LA-066,C:\Users\ANDRE.ANDREWSPC\Documents\Codex\2026-08-23\stingray-i5-s-df8-final-cad-semantic-cleanup\work\final_detail_inspection\STINGRAY_I5S_DF8_FINAL_DEPLOYED_MASTER_AP242.step,STINGRAY_I5S_DF8_FINAL_DEPLOYED_MASTER_AP242.step,C:\Users\ANDRE.ANDREWSPC\Documents\Codex\2026-08-23\stingray-i5-s-df8-final-cad-semantic-cleanup,fix/final-cad-semantic-cleanup,8c594781e27b0597a71957082fb64f152cacfcd9,2026-08-23T21:29:29-05:00,DF8_R2_FINAL_DETAIL_CLEANUP,Corrected R2 DEPLOYED AP242,HISTORICAL,efc5f8bee8927adfeb1fedc644ffc6b1424309940d7dce21176435dd3f776c2e,21438710,Targeted cleanup PASS is not an 81-state release sweep.
LA-067,C:\Users\ANDRE.ANDREWSPC\Documents\Codex\2026-08-23\stingray-i5-s-df8-final-cad-semantic-cleanup\work\final_detail_inspection\VALIDATION_SUMMARY.md,VALIDATION_SUMMARY.md,C:\Users\ANDRE.ANDREWSPC\Documents\Codex\2026-08-23\stingray-i5-s-df8-final-cad-semantic-cleanup,fix/final-cad-semantic-cleanup,8c594781e27b0597a71957082fb64f152cacfcd9,2026-08-23T21:29:29-05:00,DF8_R2_FINAL_DETAIL_CLEANUP,Bounded detail-cleanup validation,HISTORICAL,fed2ea4123b622a80a49d66be6091b048b80c1943c4d43adaecc77c5d541e98e,2657,Targeted cleanup PASS is not an 81-state release sweep.
LA-068,C:\Users\ANDRE.ANDREWSPC\Documents\Codex\2026-08-23\stingray-i5-s-df8-final-cad-semantic-cleanup\work\final_detail_inspection\final_cad_name_map.csv,final_cad_name_map.csv,C:\Users\ANDRE.ANDREWSPC\Documents\Codex\2026-08-23\stingray-i5-s-df8-final-cad-semantic-cleanup,fix/final-cad-semantic-cleanup,8c594781e27b0597a71957082fb64f152cacfcd9,2026-08-23T21:29:29-05:00,DF8_R2_FINAL_DETAIL_CLEANUP,Creo-facing product-tree name map,HISTORICAL,d278fe6165f1a90bdd3d570763159b7b76dc85ebe9dff066538ba394391a83d6,33420,Targeted cleanup PASS is not an 81-state release sweep.
LA-069,C:\Users\ANDRE.ANDREWSPC\Documents\Codex\2026-08-23\stingray-i5-s-df8-state-parity\work\final_analysis\state_parity_provenance_audit\state_parity_provenance_summary.json,state_parity_provenance_summary.json,C:\Users\ANDRE.ANDREWSPC\Documents\Codex\2026-08-23\stingray-i5-s-df8-state-parity,audit/state-parity-provenance,61a58cbbccd0aae7a747b2a73046142cf1f44511,2026-08-23T12:36:47-05:00,DF8_R2_STATE_PARITY_REFERENCE,Resolved 279/279 parity summary,HISTORICAL,c7d29d9459e8ff1010348585a45edd4c0857d8447d12386a20d5cabb70e61699,4038,Strong provenance reference; geometrically superseded by later branches.
LA-070,C:\Users\ANDRE.ANDREWSPC\Documents\Codex\2026-08-23\stingray-i5-s-df8-state-parity\work\final_analysis\state_parity_provenance_audit\state_parity_provenance_register.csv,state_parity_provenance_register.csv,C:\Users\ANDRE.ANDREWSPC\Documents\Codex\2026-08-23\stingray-i5-s-df8-state-parity,audit/state-parity-provenance,61a58cbbccd0aae7a747b2a73046142cf1f44511,2026-08-23T12:36:47-05:00,DF8_R2_STATE_PARITY_REFERENCE,Occurrence-level parity/provenance register,HISTORICAL,4988072d98f9dae54c9129ad4ed190f95fb3249786d6e120057fcd243e6fcc2a,236681,Strong provenance reference; geometrically superseded by later branches.
LA-071,C:\Users\ANDRE.ANDREWSPC\Documents\Codex\2026-08-23\stingray-i5-s-df8-state-parity\work\final_analysis\state_parity_provenance_audit\state_parity.csv,state_parity.csv,C:\Users\ANDRE.ANDREWSPC\Documents\Codex\2026-08-23\stingray-i5-s-df8-state-parity,audit/state-parity-provenance,61a58cbbccd0aae7a747b2a73046142cf1f44511,2026-08-23T12:36:47-05:00,DF8_R2_STATE_PARITY_REFERENCE,STOWED/DEPLOYED state-parity table,HISTORICAL,fd9918b4efdf7c9d0c754b404a8b13ad3cadf57ad67fa088be048d814dadb8da,99828,Strong provenance reference; geometrically superseded by later branches.
LA-072,C:\Users\ANDRE.ANDREWSPC\Documents\Codex\2026-08-23\stingray-i5-s-df8-state-parity\work\final_release\STINGRAY_I5S_DF8_FINAL_STOWED_MASTER_AP242.step,STINGRAY_I5S_DF8_FINAL_STOWED_MASTER_AP242.step,C:\Users\ANDRE.ANDREWSPC\Documents\Codex\2026-08-23\stingray-i5-s-df8-state-parity,audit/state-parity-provenance,61a58cbbccd0aae7a747b2a73046142cf1f44511,2026-08-23T12:36:47-05:00,DF8_R2_STATE_PARITY_REFERENCE,Validated R2 reference STOWED AP242,HISTORICAL,1a81a08fc269a4cabef3ffc47be4340bd17d00b3676393c336cf32366400ba0a,16197459,Strong provenance reference; geometrically superseded by later branches.
LA-073,C:\Users\ANDRE.ANDREWSPC\Documents\Codex\2026-08-23\stingray-i5-s-df8-state-parity\work\final_release\STINGRAY_I5S_DF8_FINAL_DEPLOYED_MASTER_AP242.step,STINGRAY_I5S_DF8_FINAL_DEPLOYED_MASTER_AP242.step,C:\Users\ANDRE.ANDREWSPC\Documents\Codex\2026-08-23\stingray-i5-s-df8-state-parity,audit/state-parity-provenance,61a58cbbccd0aae7a747b2a73046142cf1f44511,2026-08-23T12:36:47-05:00,DF8_R2_STATE_PARITY_REFERENCE,Validated R2 reference DEPLOYED AP242,HISTORICAL,9ffa85af11c4c129dca60b8d9cd012a6a1103f9df5367bd42a72795978051b97,17858903,Strong provenance reference; geometrically superseded by later branches.
LA-074,C:\Users\ANDRE.ANDREWSPC\Documents\Codex\2026-08-24\stingray-i5-s-df8-cots-heavy\docs\engineering\cots\cots-heavy-architecture\COTS_CANDIDATE_BOM.csv,COTS_CANDIDATE_BOM.csv,C:\Users\ANDRE.ANDREWSPC\Documents\Codex\2026-08-24\stingray-i5-s-df8-cots-heavy,design/df8-cots-heavy-architecture,974b7f01ddc97d5ca43ccc595bc2f38e140ddd30,2026-08-24T11:25:03-05:00,COTS_HEAVY_ARCHITECTURE_C,25-candidate COTS-heavy master candidate BOM,HISTORICAL,a864b295ad7bc6c4f092cc35d87238ee41c2b7c74d635e5278c5b1ca0376a7b1,6590,Documentation/developmental selection; no procurement or release authority.
LA-075,C:\Users\ANDRE.ANDREWSPC\Documents\Codex\2026-08-24\stingray-i5-s-df8-cots-heavy\docs\engineering\cots\cots-heavy-architecture\FINAL_PRESSURE_SOURCE_BOM.csv,FINAL_PRESSURE_SOURCE_BOM.csv,C:\Users\ANDRE.ANDREWSPC\Documents\Codex\2026-08-24\stingray-i5-s-df8-cots-heavy,design/df8-cots-heavy-architecture,974b7f01ddc97d5ca43ccc595bc2f38e140ddd30,2026-08-24T11:25:03-05:00,COTS_HEAVY_ARCHITECTURE_C,Architecture C final pressure-source BOM,HISTORICAL,d3af82e91b1ec24055adf01157cbd72946d0fc2c568bd9a55c7b15ce51bdb493,3584,Documentation/developmental selection; no procurement or release authority.
LA-076,C:\Users\ANDRE.ANDREWSPC\Documents\Codex\2026-08-24\stingray-i5-s-df8-cots-heavy\docs\engineering\cots\cots-heavy-architecture\SELECTED_ARCHITECTURE.md,SELECTED_ARCHITECTURE.md,C:\Users\ANDRE.ANDREWSPC\Documents\Codex\2026-08-24\stingray-i5-s-df8-cots-heavy,design/df8-cots-heavy-architecture,974b7f01ddc97d5ca43ccc595bc2f38e140ddd30,2026-08-24T11:25:03-05:00,COTS_HEAVY_ARCHITECTURE_C,COTS-heavy architecture selection,HISTORICAL,f2fec61cca5bd60edc40a434ca8de40f8fd1e748aa40c80acdda09086629f5a2,2097,Documentation/developmental selection; no procurement or release authority.
LA-077,C:\Users\ANDRE.ANDREWSPC\Documents\Codex\2026-08-24\stingray-i5-s-df8-cots-heavy\docs\engineering\cots\cots-heavy-architecture\LELAND_89200_65026_INTERFACE_GATE.md,LELAND_89200_65026_INTERFACE_GATE.md,C:\Users\ANDRE.ANDREWSPC\Documents\Codex\2026-08-24\stingray-i5-s-df8-cots-heavy,design/df8-cots-heavy-architecture,974b7f01ddc97d5ca43ccc595bc2f38e140ddd30,2026-08-24T11:25:03-05:00,COTS_HEAVY_ARCHITECTURE_C,Leland rated-interface evidence gate,HISTORICAL,3e65bba0ec2458d7d7700c2d4a1c684ae3b67acf37562c33f2e7a1c058d5f302,5530,Documentation/developmental selection; no procurement or release authority.
LA-078,C:\Users\ANDRE.ANDREWSPC\Documents\Codex\2026-08-24\stingray-i5-s-df8-cots-heavy\docs\engineering\cots\cots-heavy-architecture\FINAL_COTS_ARCHITECTURE_METRICS.json,FINAL_COTS_ARCHITECTURE_METRICS.json,C:\Users\ANDRE.ANDREWSPC\Documents\Codex\2026-08-24\stingray-i5-s-df8-cots-heavy,design/df8-cots-heavy-architecture,974b7f01ddc97d5ca43ccc595bc2f38e140ddd30,2026-08-24T11:25:03-05:00,COTS_HEAVY_ARCHITECTURE_C,COTS-heavy accounting metrics,HISTORICAL,af6a9d7eb71b44e30a4880a3a85f1522092917579b3a8b009294a3455c413b01,2418,Documentation/developmental selection; no procurement or release authority.
LA-079,C:\Users\ANDRE.ANDREWSPC\Documents\Codex\2026-08-24\stingray-i5-s-df8-cots-heavy\docs\engineering\cots\cots-heavy-architecture\VENDOR_EVIDENCE_REGISTER.csv,VENDOR_EVIDENCE_REGISTER.csv,C:\Users\ANDRE.ANDREWSPC\Documents\Codex\2026-08-24\stingray-i5-s-df8-cots-heavy,design/df8-cots-heavy-architecture,974b7f01ddc97d5ca43ccc595bc2f38e140ddd30,2026-08-24T11:25:03-05:00,COTS_HEAVY_ARCHITECTURE_C,Vendor evidence and maturity register,HISTORICAL,0bbd81ff0d22c0fec869f478c7fd32bafa7c52d11bdcbd4dea3aaa5e119d80ca,25292,Documentation/developmental selection; no procurement or release authority.
LA-080,C:\Users\ANDRE.ANDREWSPC\Documents\Codex\2026-08-24\stingray-i5-s-df8-cots-heavy\docs\presentations\stingray_df8_mechanical_breakdown\STINGRAY_I5S_DF8_MECHANICAL_BREAKDOWN_PER_PART.pptx,STINGRAY_I5S_DF8_MECHANICAL_BREAKDOWN_PER_PART.pptx,C:\Users\ANDRE.ANDREWSPC\Documents\Codex\2026-08-24\stingray-i5-s-df8-cots-heavy,design/df8-cots-heavy-architecture,974b7f01ddc97d5ca43ccc595bc2f38e140ddd30,2026-08-24T11:25:03-05:00,COTS_HEAVY_ARCHITECTURE_C,Stakeholder per-part mechanical breakdown deck,HISTORICAL,1f479e422ff3023f97a1f64801fc477948adcdeda88e5ce6a1b401ba4215a465,28709188,Documentation/developmental selection; no procurement or release authority.
LA-081,C:\Users\ANDRE.ANDREWSPC\Documents\Codex\2026-08-23\stingray-docs\docs\engineering\cots\targeted-retrofit\COTS_CONVERSION_LEDGER.csv,COTS_CONVERSION_LEDGER.csv,C:\Users\ANDRE.ANDREWSPC\Documents\Codex\2026-08-23\stingray-docs,design/df8-targeted-cots-retrofit,fc5d76dd9f7b15bd5975a667974869414aabd821,2026-08-24T12:33:06-05:00,TARGETED_COTS_DOCUMENTATION,Targeted substitution decision ledger,HISTORICAL,a0c4d4a3373e89ba37663dfca5b5d0b85889a8133a2317f6bd7bad40374762aa,44030,"RFQ transmission is not purchase, qualification, CAD acceptance or release."
LA-082,C:\Users\ANDRE.ANDREWSPC\Documents\Codex\2026-08-23\stingray-docs\docs\engineering\cots\targeted-retrofit\SELECTED_COTS_TECHNICAL_CLOSURE.csv,SELECTED_COTS_TECHNICAL_CLOSURE.csv,C:\Users\ANDRE.ANDREWSPC\Documents\Codex\2026-08-23\stingray-docs,design/df8-targeted-cots-retrofit,fc5d76dd9f7b15bd5975a667974869414aabd821,2026-08-24T12:33:06-05:00,TARGETED_COTS_DOCUMENTATION,Selected/rejected COTS technical closure,HISTORICAL,0d1d0725e63dbffcc298b6630f07ba6329d648ba66c8a4f95284dc47b115bcba,7430,"RFQ transmission is not purchase, qualification, CAD acceptance or release."
LA-083,C:\Users\ANDRE.ANDREWSPC\Documents\Codex\2026-08-23\stingray-docs\docs\engineering\cots\targeted-retrofit\TARGETED_COTS_RFQ_TRANSMISSION_LOG.md,TARGETED_COTS_RFQ_TRANSMISSION_LOG.md,C:\Users\ANDRE.ANDREWSPC\Documents\Codex\2026-08-23\stingray-docs,design/df8-targeted-cots-retrofit,fc5d76dd9f7b15bd5975a667974869414aabd821,2026-08-24T12:33:06-05:00,TARGETED_COTS_DOCUMENTATION,Authorized technical-information inquiry provenance,HISTORICAL,cd5e7e79217db0dcf4a9b8ccb558e1a86a574300639878cadb6679c1e88f5753,13019,"RFQ transmission is not purchase, qualification, CAD acceptance or release."
LA-084,C:\Users\ANDRE.ANDREWSPC\Documents\Codex\2026-08-23\referenced-chatgpt-conversation-this-is-an\work\Stingray\docs\presentations\stingray_df8_mechanical_breakdown\STINGRAY_I5S_DF8_MECHANICAL_BREAKDOWN_PER_PART.pptx,STINGRAY_I5S_DF8_MECHANICAL_BREAKDOWN_PER_PART.pptx,C:\Users\ANDRE.ANDREWSPC\Documents\Codex\2026-08-23\referenced-chatgpt-conversation-this-is-an\work\Stingray,docs/df8-per-part-mechanical-breakdown,95766a1bfc7bcc48416b83c7b25fcbd482ac0608,2026-08-23T15:07:07-05:00,DF8_STAKEHOLDER_PER_PART_DECK,Current local per-part stakeholder deck checkout,HISTORICAL,1f479e422ff3023f97a1f64801fc477948adcdeda88e5ce6a1b401ba4215a465,28709188,Presentation evidence does not overrule exact CAD/source artifacts.
LA-085,C:\Users\ANDRE.ANDREWSPC\Documents\Codex\2026-08-23\referenced-chatgpt-conversation-this-is-an\work\Stingray\docs\presentations\stingray_df8_mechanical_breakdown\manifests\per_part_cots_traceability.csv,per_part_cots_traceability.csv,C:\Users\ANDRE.ANDREWSPC\Documents\Codex\2026-08-23\referenced-chatgpt-conversation-this-is-an\work\Stingray,docs/df8-per-part-mechanical-breakdown,95766a1bfc7bcc48416b83c7b25fcbd482ac0608,2026-08-23T15:07:07-05:00,DF8_STAKEHOLDER_PER_PART_DECK,Deck COTS traceability source,HISTORICAL,ae4a7a8f6784daa129e01043e4d6df180ed0366cf1bdba72896b8f951ab6503b,47118,Presentation evidence does not overrule exact CAD/source artifacts.
LA-086,C:\Users\ANDRE.ANDREWSPC\Documents\Codex\2026-08-23\referenced-chatgpt-conversation-this-is-an\work\Stingray\docs\presentations\stingray_df8_mechanical_breakdown\manifests\deck_delivery_validation.json,deck_delivery_validation.json,C:\Users\ANDRE.ANDREWSPC\Documents\Codex\2026-08-23\referenced-chatgpt-conversation-this-is-an\work\Stingray,docs/df8-per-part-mechanical-breakdown,95766a1bfc7bcc48416b83c7b25fcbd482ac0608,2026-08-23T15:07:07-05:00,DF8_STAKEHOLDER_PER_PART_DECK,Deck delivery validation,HISTORICAL,d7e532f52da72c4bf48ca1b6fca9b2337c553d0abef9e8861c09a8e31504dbf2,2556,Presentation evidence does not overrule exact CAD/source artifacts.
LA-087,C:\Users\ANDRE.ANDREWSPC\Documents\Codex\2026-08-23\stingray-ppt-build\current_cad_views\before_after_evidence_index.csv,before_after_evidence_index.csv,C:\Users\ANDRE.ANDREWSPC\Documents\Codex\2026-08-23\stingray-ppt-build,N/A,N/A,2026-08-23T14:36:31.467263+00:00,R2_CURRENT_CAD_SCREENSHOT_SET,Nine source-derived CAD screenshot index,HISTORICAL,26fc7a1bfd155d89df886a238f7a4ff461fc86b6dc92724a4983a98524b68682,2992,Screenshots carry unique visual context but are not geometry authority.
LA-088,C:\Users\ANDRE.ANDREWSPC\CodexProjects\STINGRAY_CODEX_COMMISSION\MANIFEST.json,MANIFEST.json,C:\Users\ANDRE.ANDREWSPC\CodexProjects\STINGRAY_CODEX_COMMISSION,N/A,N/A,2026-08-11T02:27:39.200968+00:00,STG-REALITY-CAD-001 / CONFIG-D,Historical commission manifest,HISTORICAL,a63e151f3875e92849d18cdca2e2db246c687071dc6d67ee9a4a1b0713822165,15684,Predates DF8; reference evidence only.
LA-089,C:\Users\ANDRE.ANDREWSPC\CodexProjects\STINGRAY_CODEX_COMMISSION\README.md,README.md,C:\Users\ANDRE.ANDREWSPC\CodexProjects\STINGRAY_CODEX_COMMISSION,N/A,N/A,2026-08-11T02:20:57.180901+00:00,STG-REALITY-CAD-001 / CONFIG-D,Historical commission requirements/provenance,HISTORICAL,b80d3b294527a8dcd77f4652da9928ccff72b9916d08f7c032e56a2aee29324f,1020,Predates DF8; reference evidence only.
LA-090,C:\Users\ANDRE.ANDREWSPC\CodexProjects\STINGRAY_CODEX_COMMISSION\02_SOURCE_EVIDENCE\selected_parts.csv,selected_parts.csv,C:\Users\ANDRE.ANDREWSPC\CodexProjects\STINGRAY_CODEX_COMMISSION,N/A,N/A,2026-08-11T02:20:57.194798+00:00,STG-REALITY-CAD-001 / CONFIG-D,Historical CONFIG-D selected COTS register,HISTORICAL,521d02f0c4732cedec5903230a5224a9bb1a0574c510265ea2afe3aabc0f2fad,5447,Predates DF8; reference evidence only.
LA-091,C:\Users\ANDRE.ANDREWSPC\CodexProjects\STINGRAY_CODEX_COMMISSION\02_SOURCE_EVIDENCE\vendor_source_manifest.json,vendor_source_manifest.json,C:\Users\ANDRE.ANDREWSPC\CodexProjects\STINGRAY_CODEX_COMMISSION,N/A,N/A,2026-08-11T02:24:20.069690+00:00,STG-REALITY-CAD-001 / CONFIG-D,Historical vendor evidence manifest,HISTORICAL,d4d38fb1b40751c46ebfb0cd1f5e59bb6248254f6c557a86a20fb15ff027217e,3041,Predates DF8; reference evidence only.
LA-092,C:\Users\ANDRE.ANDREWSPC\CodexProjects\STINGRAY_CODEX_COMMISSION\02_SOURCE_EVIDENCE\vendor_cad_original\CLIPPARD_MJV-3-OEM-STEP\valve_mjv-3.stp,valve_mjv-3.stp,C:\Users\ANDRE.ANDREWSPC\CodexProjects\STINGRAY_CODEX_COMMISSION,N/A,N/A,2017-06-20T22:12:46+00:00,STG-REALITY-CAD-001 / CONFIG-D,Authentic Clippard MJV-3 OEM STEP,HISTORICAL,516f3b2db8983385cf76190b725870788d11bb08fd8cb9c64f4440443e7c5056,242076,Predates DF8; reference evidence only.
LA-093,C:\Users\ANDRE.ANDREWSPC\CodexProjects\stingray-cad-transition\outputs\step\STG_CQ1_MASTER_REFERENCE.step,STG_CQ1_MASTER_REFERENCE.step,C:\Users\ANDRE.ANDREWSPC\CodexProjects\stingray-cad-transition,N/A,N/A,2026-08-10T20:41:13.877402+00:00,CONFIG-D-SIMPLIFIED-RELEASE-SLEEVE,CQ1 reference STEP,HISTORICAL,82c6d3f5e25c4bca251a02999a8e3f59827521a9e0642eace2c9443beee6b94e,112813,Reference-stage geometry; not DF8 current baseline or release.
LA-094,C:\Users\ANDRE.ANDREWSPC\CodexProjects\stingray-cad-transition\outputs\cq4_manifest.json,cq4_manifest.json,C:\Users\ANDRE.ANDREWSPC\CodexProjects\stingray-cad-transition,N/A,N/A,2026-08-10T21:59:31.653208+00:00,CONFIG-D-SIMPLIFIED-RELEASE-SLEEVE,CQ4 three-arm reference manifest,HISTORICAL,be8bede13e556a24384f4f9c7c4e21f97ae0592df8ef73eff58d7eaa382bf7ac,9829,Reference-stage geometry; not DF8 current baseline or release.
LA-095,C:\Users\ANDRE.ANDREWSPC\CodexProjects\stingray-cad-transition\reports\cq4_geometry_validation.json,cq4_geometry_validation.json,C:\Users\ANDRE.ANDREWSPC\CodexProjects\stingray-cad-transition,N/A,N/A,2026-08-10T21:59:29.858431+00:00,CONFIG-D-SIMPLIFIED-RELEASE-SLEEVE,CQ4 geometry validation,HISTORICAL,6188a6f878c573cfa3405f765cc785523dad105612d0643325466939d11eab68,23680,Reference-stage geometry; not DF8 current baseline or release.
LA-096,C:\Users\ANDRE.ANDREWSPC\CodexProjects\stingray-cad-transition\outputs\step\cq4\STG_CQ4_THREE_ARM_DEPLOYED_80.step,STG_CQ4_THREE_ARM_DEPLOYED_80.step,C:\Users\ANDRE.ANDREWSPC\CodexProjects\stingray-cad-transition,N/A,N/A,2026-08-10T21:59:30.988575+00:00,CONFIG-D-SIMPLIFIED-RELEASE-SLEEVE,CQ4 three-arm deployed reference STEP,HISTORICAL,d5bb3912deecf9f2f3ed3ab3ebf705f26bfdf7bda02586510c857da78b6cc316,680838,Reference-stage geometry; not DF8 current baseline or release.
LA-097,C:\Users\ANDRE.ANDREWSPC\CodexProjects\stingray-final-delivery-work\STINGRAY_FINAL_DELIVERY\MANIFEST.json,MANIFEST.json,C:\Users\ANDRE.ANDREWSPC\CodexProjects\stingray-final-delivery-work\STINGRAY_FINAL_DELIVERY,N/A,N/A,2026-08-11T03:41:08.276490+00:00,STINGRAY_FINAL_DELIVERY / CONFIG-D,Historical final-delivery manifest,HISTORICAL,ed1aed19832dd3a6021836e75e278120d98da4fc224f7424b89db6c722a838bb,103591,Large duplicate source tree indexed in place; not copied into Git.
LA-098,C:\Users\ANDRE.ANDREWSPC\CodexProjects\stingray-final-delivery-work\STINGRAY_FINAL_DELIVERY\VALIDATION_SUMMARY.md,VALIDATION_SUMMARY.md,C:\Users\ANDRE.ANDREWSPC\CodexProjects\stingray-final-delivery-work\STINGRAY_FINAL_DELIVERY,N/A,N/A,2026-08-11T03:37:42.496543+00:00,STINGRAY_FINAL_DELIVERY / CONFIG-D,Historical final-delivery validation summary,HISTORICAL,974e3990e5daf2dcd4805ab7c2fa62fb7ea9bbe367641207249bdf3e44aa11bb,700,Large duplicate source tree indexed in place; not copied into Git.
LA-099,C:\Users\ANDRE.ANDREWSPC\CodexProjects\stingray-final-delivery-work\STINGRAY_FINAL_DELIVERY\01_SOURCE_EVIDENCE\selected_parts.csv,selected_parts.csv,C:\Users\ANDRE.ANDREWSPC\CodexProjects\stingray-final-delivery-work\STINGRAY_FINAL_DELIVERY,N/A,N/A,2026-08-11T03:36:32.610952+00:00,STINGRAY_FINAL_DELIVERY / CONFIG-D,Historical final-delivery COTS register,HISTORICAL,269e8564a239e6d53f7ee72c4a71d00d97659a325a39e1baf869cfe0ae9f0d2d,5372,Large duplicate source tree indexed in place; not copied into Git.
LA-100,C:\Users\ANDRE.ANDREWSPC\CodexProjects\stingray-final-delivery-work\STINGRAY_FINAL_DELIVERY\02_BOM_AND_ASSEMBLY\complete_bom.csv,complete_bom.csv,C:\Users\ANDRE.ANDREWSPC\CodexProjects\stingray-final-delivery-work\STINGRAY_FINAL_DELIVERY,N/A,N/A,2026-08-11T03:36:32.613227+00:00,STINGRAY_FINAL_DELIVERY / CONFIG-D,Historical full BOM,HISTORICAL,79221162ee158c3ea90ddd4727c06e54778c708bb4391adaf46efc9784f8d6c4,2643,Large duplicate source tree indexed in place; not copied into Git.
LA-101,C:\Users\ANDRE.ANDREWSPC\CodexProjects\stingray-final-delivery-work\STINGRAY_FINAL_DELIVERY\07_VALIDATION\source_provenance_report.md,source_provenance_report.md,C:\Users\ANDRE.ANDREWSPC\CodexProjects\stingray-final-delivery-work\STINGRAY_FINAL_DELIVERY,N/A,N/A,2026-08-11T03:37:42.494550+00:00,STINGRAY_FINAL_DELIVERY / CONFIG-D,Historical source provenance report,HISTORICAL,091baf55b5e20826e25e03e98b3ca771a936ab4a752c0de13434e981ae420b9f,349,Large duplicate source tree indexed in place; not copied into Git.
LA-102,C:\Users\ANDRE.ANDREWSPC\CodexProjects\stingray-final-delivery-work\STINGRAY_FINAL_DELIVERY\01_SOURCE_EVIDENCE\vendor_cad_original\Clippard\valve_mjv-3.stp,valve_mjv-3.stp,C:\Users\ANDRE.ANDREWSPC\CodexProjects\stingray-final-delivery-work\STINGRAY_FINAL_DELIVERY,N/A,N/A,2017-06-20T22:12:46+00:00,STINGRAY_FINAL_DELIVERY / CONFIG-D,Authentic Clippard MJV-3 vendor STEP copy,HISTORICAL,516f3b2db8983385cf76190b725870788d11bb08fd8cb9c64f4440443e7c5056,242076,Large duplicate source tree indexed in place; not copied into Git.
LA-103,C:\Users\ANDRE.ANDREWSPC\CodexProjects\stingray-final-delivery-work\STINGRAY_FINAL_DELIVERY\01_SOURCE_EVIDENCE\vendor_cad_original\AutomationDirect\A12005SN.STEP,A12005SN.STEP,C:\Users\ANDRE.ANDREWSPC\CodexProjects\stingray-final-delivery-work\STINGRAY_FINAL_DELIVERY,N/A,N/A,2026-08-11T03:22:13.684141+00:00,STINGRAY_FINAL_DELIVERY / CONFIG-D,AutomationDirect A12005SN vendor STEP,HISTORICAL,bd25642e1929f221abbc51c27ce6358e84fd79f30df5777641f73c872f20b029,205859,Large duplicate source tree indexed in place; not copied into Git.
LA-104,C:\Users\ANDRE.ANDREWSPC\CodexProjects\stingray-final-delivery-work\STINGRAY_FINAL_DELIVERY\01_SOURCE_EVIDENCE\vendor_cad_original\Swagelok\SS-4CD-TW-10.step,SS-4CD-TW-10.step,C:\Users\ANDRE.ANDREWSPC\CodexProjects\stingray-final-delivery-work\STINGRAY_FINAL_DELIVERY,N/A,N/A,2026-08-11T03:04:18.232029+00:00,STINGRAY_FINAL_DELIVERY / CONFIG-D,Swagelok SS-4CD-TW-10 vendor STEP,HISTORICAL,c0f8505cc0711ef3b011f6fb4961a9d2bb3d9ac2cff3fe2aff06a8d7ad13399f,38893,Large duplicate source tree indexed in place; not copied into Git.
LA-105,C:\Users\ANDRE.ANDREWSPC\Documents\Codex\2026-08-23\stingray-i5-s-df8-state-parity.zip,stingray-i5-s-df8-state-parity.zip,C:\Users\ANDRE.ANDREWSPC\Documents\Codex\2026-08-23,N/A,N/A,2026-08-26T00:49:14.594444+00:00,DF8_STATE_PARITY_WORKTREE_ARCHIVE,Local state-parity ZIP outside the repository,HISTORICAL,4af1022dfc270a66c2334657377082a5216bf7f7bdc2a63b3a453ac84b272e1c,227254752,Indexed in place; not duplicated.
LA-106,C:\Users\ANDRE.ANDREWSPC\Documents\Codex\2026-08-22\stingray-i5-s-df8-codex-one\stingray-i5s-df8-cad\work\final_analysis\validation_cycle1\endpoint_pair_audit_deployed.csv.gz,endpoint_pair_audit_deployed.csv.gz,C:\Users\ANDRE.ANDREWSPC\Documents\Codex\2026-08-22\stingray-i5-s-df8-codex-one\stingray-i5s-df8-cad,main,fcca6642077cf9a420e703c3f7d53b8913501f5a,2026-08-23T07:30:35.423372+00:00,UNTRACKED_MAIN_VALIDATION_EVIDENCE,Untracked endpoint-pair audit in occupied main worktree,EVIDENCE HOLD,4a4af46ca3f9a7341124999c12ff63b4d11f380a4f57c068299610902bef35a5,75597,Operator work preserved unchanged.
LA-107,C:\Users\ANDRE.ANDREWSPC\Documents\Codex\2026-08-22\stingray-i5-s-df8-codex-one\work\checkpoint-reproduction\work\final_release\STINGRAY_I5S_DF8_FINAL_STOWED_MASTER_AP242.step,STINGRAY_I5S_DF8_FINAL_STOWED_MASTER_AP242.step,C:\Users\ANDRE.ANDREWSPC\Documents\Codex\2026-08-22\stingray-i5-s-df8-codex-one\work\checkpoint-reproduction,DETACHED,1b6ba8b2e783ba42143d163d41e9a9f2afdebd77,2026-08-23T00:40:23.079546+00:00,CHECKPOINT_REPRODUCTION_UNCOMMITTED,Modified uncommitted checkpoint-reproduction STOWED AP242,EVIDENCE HOLD,aa84e1210bccca24c323290c031d065eeefd4a74f041c0727c506ed8af685403,14078288,Dirty operator evidence preserved; not used to supersede committed baselines.
LA-108,C:\Users\ANDRE.ANDREWSPC\Documents\Codex\2026-08-22\stingray-i5-s-df8-codex-one\work\checkpoint-reproduction\work\final_release\STINGRAY_I5S_DF8_FINAL_DEPLOYED_MASTER_AP242.step,STINGRAY_I5S_DF8_FINAL_DEPLOYED_MASTER_AP242.step,C:\Users\ANDRE.ANDREWSPC\Documents\Codex\2026-08-22\stingray-i5-s-df8-codex-one\work\checkpoint-reproduction,DETACHED,1b6ba8b2e783ba42143d163d41e9a9f2afdebd77,2026-08-23T00:41:37.613853+00:00,CHECKPOINT_REPRODUCTION_UNCOMMITTED,Modified uncommitted checkpoint-reproduction DEPLOYED AP242,EVIDENCE HOLD,39900c3f2a19873a964bba06904e161da23af29a8fb6cccf61a542f7e54640f8,15773388,Dirty operator evidence preserved; not used to supersede committed baselines.
LA-109,C:\Users\ANDRE.ANDREWSPC\Documents\Codex\2026-08-22\stingray-i5-s-df8-codex-one\work\checkpoint-reproduction\work\checkpoint_reproduction_validation\definition_of_done_audit.json,definition_of_done_audit.json,C:\Users\ANDRE.ANDREWSPC\Documents\Codex\2026-08-22\stingray-i5-s-df8-codex-one\work\checkpoint-reproduction,DETACHED,1b6ba8b2e783ba42143d163d41e9a9f2afdebd77,2026-08-23T01:42:47.980768+00:00,CHECKPOINT_REPRODUCTION_UNCOMMITTED,Untracked checkpoint reproduction audit,EVIDENCE HOLD,e87503a99f5ecdc55b21fd2a7a21734a57b08ce16c43d39940a2c9481d98fdd0,419079,Dirty operator evidence preserved; not used to supersede committed baselines.
LA-110,C:\Users\ANDRE.ANDREWSPC\Documents\Codex\2026-08-22\stingray-i5-s-df8-codex-one\work\checkpoint-reproduction\work\checkpoint_reproduction_validation\state_parity.csv,state_parity.csv,C:\Users\ANDRE.ANDREWSPC\Documents\Codex\2026-08-22\stingray-i5-s-df8-codex-one\work\checkpoint-reproduction,DETACHED,1b6ba8b2e783ba42143d163d41e9a9f2afdebd77,2026-08-23T01:36:58.474418+00:00,CHECKPOINT_REPRODUCTION_UNCOMMITTED,Untracked checkpoint reproduction parity evidence,EVIDENCE HOLD,7a245bdcbb4d739f77d5395de5a235bec54a195f07a0640682f39d14f476bda8,60575,Dirty operator evidence preserved; not used to supersede committed baselines.
