"part_number","description","make_buy_baseline","manufacturer","material","classification","source_package","source_item_number","make_buy_source","functional_role_category","proposed_substitution_mpn","proposed_vendor","decision","decision_rationale","catalog_fit_verified","procurement_ready","primary_url","recorded_at_utc"
"SSCF-M3-6-A4","M3 X 6 FULL-THREAD SOCKET CAP SCREW, DIN 912 / ISO 4762","BUY","Accu","A4-80 stainless steel","EXISTING_COTS","","","BUY","","","","NO_REPLACEMENT_SELECTED","Existing catalog/verified baseline source definition retained for this phase.","NO","NO","https://www.accu.co.uk/metric-cap-head-screws/3973-SSCF-M3-6-A4","2026-08-23T20:42:05Z"
"SSCF-M3-10-A4","M3 X 10 FULL-THREAD SOCKET CAP SCREW, DIN 912 / ISO 4762","BUY","Accu","A4-80 stainless steel","EXISTING_COTS","","","BUY","","","","NO_REPLACEMENT_SELECTED","Existing catalog/verified baseline source definition retained for this phase.","NO","NO","https://www.accu.co.uk/us/socket-cap-head-screws/3975-SSCF-M3-10-A4","2026-08-23T20:42:05Z"
"SSK-M3-6-A4-P80","M3 X 6 SOCKET COUNTERSUNK SCREW, ISO 10642, PRECOTE 80","BUY","Accu","A4-80 stainless steel","EXISTING_COTS","","","BUY","","","","NO_REPLACEMENT_SELECTED","Existing catalog/verified baseline source definition retained for this phase.","NO","NO","https://www.accu.co.uk/countersunk-socket-head-screws/795226-SSK-M3-6-A4-P80","2026-08-23T20:42:05Z"
"SSCA-M3-8-A4-BL","M3 X 8 CAPTIVE SOCKET CAP SCREW, DIN 912","BUY","Accu","A4-80 stainless steel","EXISTING_COTS","","","BUY","","","","NO_REPLACEMENT_SELECTED","Existing catalog/verified baseline source definition retained for this phase.","NO","NO","https://www.accu.co.uk/cap-head-captive-screws/779966-SSCA-M3-8-A4-BL","2026-08-23T20:42:05Z"
"SSCL-M4-8-A4","M4 X 8 FULL-THREAD LOW-HEAD SOCKET CAP SCREW, DIN 7984","BUY","Accu","A4-80 stainless steel","EXISTING_COTS","","","BUY","","","","NO_REPLACEMENT_SELECTED","Existing catalog/verified baseline source definition retained for this phase.","NO","NO","https://www.accu.co.uk/low-head-cap-screws/8885-SSCL-M4-8-A4","2026-08-23T20:42:05Z"
"HDP-3-8-A1","3 MM X 8 MM DOWEL PIN, DIN 7, M6 TOLERANCE","BUY","Accu","316 stainless steel","EXISTING_COTS","","","BUY","","","","NO_REPLACEMENT_SELECTED","Existing catalog/verified baseline source definition retained for this phase.","NO","NO","https://www.accu.co.uk/dowel-pins/72653-HDP-3-8-A1","2026-08-23T20:42:05Z"
"HTP-3-30-A1","3 MM X 30 MM TAPER PIN, DIN 1B","BUY","Accu","316 stainless steel","EXISTING_COTS","","","BUY","","","","NO_REPLACEMENT_SELECTED","Existing catalog/verified baseline source definition retained for this phase.","NO","NO","https://www.accu.co.uk/taper-pins/389498-HTP-3-30-A1","2026-08-23T20:42:05Z"
"HEC-10-A4","10 MM EXTERNAL CIRCLIP, DIN 471","BUY","Accu","1.4310 stainless spring steel","EXISTING_COTS","","","BUY","","","","NO_REPLACEMENT_SELECTED","Existing catalog/verified baseline source definition retained for this phase.","NO","NO","https://www.accu.co.uk/external-circlips/629101-HEC-10-A4","2026-08-23T20:42:05Z"
"DF8-WATER-BOBBIN-SERVICE-CAP-001","CAPTIVE WATER-BOBBIN THREADED/BAYONET SERVICE CAP","MAKE","STINGRAY custom","316 stainless steel","CUSTOM_REMAINDER","","","MAKE","","","","NO_REPLACEMENT_SELECTED","Must remain custom pending architecture-safe catalog replacement evidence.","NO","NO","","2026-08-23T20:42:05Z"
"DF8-R2-NOSE-001","TUNGSTEN PENETRATOR NOSE WITH OCCURRENCE-MATCHED TAPERED REAMED HALF BORE","MAKE","STINGRAY custom","Tungsten heavy alloy","CUSTOM_REMAINDER","","","MAKE","","","","NO_REPLACEMENT_SELECTED","Must remain custom pending architecture-safe catalog replacement evidence.","NO","NO","","2026-08-23T20:42:05Z"
"DF8-R2-BALLAST-001","FORWARD TUNGSTEN BALLAST, SPINE SOCKET AND TAPERED REAMED HALF BORE","MAKE","STINGRAY custom","Tungsten heavy alloy","CUSTOM_REMAINDER","","","MAKE","","","","NO_REPLACEMENT_SELECTED","Must remain custom pending architecture-safe catalog replacement evidence.","NO","NO","","2026-08-23T20:42:05Z"
"DF8-R2-FWD-SHELL-001","FORWARD GRADE-9 TITANIUM SHELL WITH CONTROLLED WATER PORT","MAKE","STINGRAY custom","Ti-3Al-2.5V Grade 9","CUSTOM_REMAINDER","","","MAKE","","","","NO_REPLACEMENT_SELECTED","Must remain custom pending architecture-safe catalog replacement evidence.","NO","NO","","2026-08-23T20:42:05Z"
"DF8-R2-STRUCT-RING-PLAIN-001","PRIMARY STRUCTURAL TRANSITION RING WITH FOUR TAPPED CARRIER LANDS","MAKE","STINGRAY custom","Ti-6Al-4V","CUSTOM_REMAINDER","","","MAKE","","","","NO_REPLACEMENT_SELECTED","Must remain custom pending architecture-safe catalog replacement evidence.","NO","NO","","2026-08-23T20:42:05Z"
"DF8-R2-STRUCT-RING-ROUTED-001","STRUCTURAL RING WITH ROUTE PASSAGES, ARM RELIEFS AND FULLFLOW CIRCLIP REACTION CAGE","MAKE","STINGRAY custom","Ti-6Al-4V","CUSTOM_REMAINDER","","","MAKE","","","","NO_REPLACEMENT_SELECTED","Must remain custom pending architecture-safe catalog replacement evidence.","NO","NO","","2026-08-23T20:42:05Z"
"DF8-R2-FWD-LONGERON-001","FORWARD PRIMARY LOAD-PATH LONGERON","MAKE","STINGRAY custom","Ti-6Al-4V","CUSTOM_REMAINDER","","","MAKE","","","","NO_REPLACEMENT_SELECTED","Must remain custom pending architecture-safe catalog replacement evidence.","NO","NO","","2026-08-23T20:42:05Z"
"LELAND-81121","LELAND 81121 12 G CO2 CARTRIDGE","BUY","Leland Gas Technologies","Steel pressure cartridge","EXISTING_COTS","","","BUY","","","","NO_REPLACEMENT_SELECTED","Existing catalog/verified baseline source definition retained for this phase.","NO","NO","https://www.lelandgas.com/product-page/81121-cartridge-small-x-xml-x-xxg-gas","2026-08-23T20:42:05Z"
"DF8-R2-CARTRIDGE-CARRIER-001","FOUR-CARTRIDGE DOUBLE-PLATE CARRIER","MAKE","STINGRAY custom","7075-T6 aluminum","CUSTOM_REMAINDER","","","MAKE","","","","NO_REPLACEMENT_SELECTED","Must remain custom pending architecture-safe catalog replacement evidence.","NO","NO","","2026-08-23T20:42:05Z"
"DF8-R2-COLLECTION-MANIFOLD-001","FOUR-PORT COLLECTION MANIFOLD WITH BORED PASSAGES","MAKE","STINGRAY custom","316 stainless steel","CUSTOM_REMAINDER","","","MAKE","","","","NO_REPLACEMENT_SELECTED","Must remain custom pending architecture-safe catalog replacement evidence.","NO","NO","","2026-08-23T20:42:05Z"
"DF8-R2-PUNCTURE-HEAD-001","CARTRIDGE PUNCTURE HEAD WITH CONTROLLED NEEDLE","MAKE","STINGRAY custom","17-4PH stainless steel","CUSTOM_REMAINDER","","","MAKE","","","","NO_REPLACEMENT_SELECTED","Must remain custom pending architecture-safe catalog replacement evidence.","NO","NO","","2026-08-23T20:42:05Z"
"DF8-R2-BOOSTER-RESERVOIR-001","13 OD X 11 ID X 430 BOOSTER RESERVOIR WITH END BOSSES","MAKE","STINGRAY custom","316 stainless steel","CUSTOM_REMAINDER","","","MAKE","","316L-50DF4-150","Swagelok","REJECT_RETURN_TO_CUSTOM_BASELINE","Exact installed fit audit found the 48.2 mm commercial cylinder incompatible with preserved DF8 structure and routes; custom pressure function retained.","NO - DOES NOT FIT PRESERVED ARCHITECTURE","NO - NON-INSTALLED DEVELOPMENT ARTICLE","https://products.swagelok.com/en/c/dot-compliant-cylinders/p/316L-50DF4-150","2026-08-24T13:47:00Z"
"DF8-R2-BOOSTER-BAND-001","CAPTIVE BOOSTER SUPPORT BAND WITH M3 TAB","MAKE","STINGRAY custom","PEEK","CUSTOM_REMAINDER","","","MAKE","","","","NO_REPLACEMENT_SELECTED","Must remain custom pending architecture-safe catalog replacement evidence.","NO","NO","","2026-08-23T20:42:05Z"
"DF8-R2-BOOSTER-FWD-ADAPTER-CLOSURE-001","PORTED FORWARD BOOSTER CLOSURE WITH WELD LIP AND VALVE ADAPTER","MAKE","STINGRAY custom","316 stainless steel","CUSTOM_REMAINDER","","","MAKE","","316L-50DF4-150","Swagelok","REJECT_RETURN_TO_CUSTOM_BASELINE","Exact installed fit audit found the 48.2 mm commercial cylinder incompatible with preserved DF8 structure and routes; custom pressure function retained.","NO - DOES NOT FIT PRESERVED ARCHITECTURE","NO - NON-INSTALLED DEVELOPMENT ARTICLE","https://products.swagelok.com/en/c/dot-compliant-cylinders/p/316L-50DF4-150","2026-08-24T13:47:00Z"
"DF8-R2-BOOSTER-AFT-WELDED-CLOSURE-001","SOLID AFT BOOSTER CLOSURE WITH LOCATING PILOT","MAKE","STINGRAY custom","316 stainless steel","CUSTOM_REMAINDER","","","MAKE","","316L-50DF4-150","Swagelok","REJECT_RETURN_TO_CUSTOM_BASELINE","Exact installed fit audit found the 48.2 mm commercial cylinder incompatible with preserved DF8 structure and routes; custom pressure function retained.","NO - DOES NOT FIT PRESERVED ARCHITECTURE","NO - NON-INSTALLED DEVELOPMENT ARTICLE","https://products.swagelok.com/en/c/dot-compliant-cylinders/p/316L-50DF4-150","2026-08-24T13:47:00Z"
"SS-CHS2-1","SWAGELOK 316 SS POPPET CHECK VALVE, 1/8-IN TUBE FITTINGS, 6000 PSIG","BUY","Swagelok","316 stainless purchased check-valve assembly","EXISTING_COTS","","","BUY","","","","NO_REPLACEMENT_SELECTED","Existing catalog/verified baseline source definition retained for this phase.","NO","NO","https://products.swagelok.com/en/c/fixed-pressure/p/SS-CHS2-1","2026-08-23T20:42:05Z"
"DF8-R2-BOOSTER-COLLECTION-LINE-001","SHORT 316L BOOSTER COLLECTION LINE WITH INTEGRAL FERRULE ENDS","MAKE","STINGRAY custom","316 stainless steel","CUSTOM_REMAINDER","","","MAKE","","","","NO_REPLACEMENT_SELECTED","Must remain custom pending architecture-safe catalog replacement evidence.","NO","NO","","2026-08-23T20:42:05Z"
"DF8-R2-WATER-TRIGGER-HSG-001","CENTRAL WATER-SENSITIVE TRIGGER HOUSING","MAKE","STINGRAY custom","Acetal","CUSTOM_REMAINDER","","","MAKE","","","","NO_REPLACEMENT_SELECTED","Must remain custom pending architecture-safe catalog replacement evidence.","NO","NO","","2026-08-23T20:42:05Z"
"V80040","HALKEY-ROBERTS WATER-SENSITIVE BOBBIN","BUY","Nordson MEDICAL / Halkey-Roberts","Water-sensitive media","EXISTING_COTS","WP03","","derived deterministically from source type","","","","NO_REPLACEMENT_SELECTED","Existing catalog/verified baseline source definition retained for this phase.","NO","NO","https://fluid-components.nordsonmedical.com/files/fluid-components-nordsonmedical-com/Technical%20Information/HRC/Hyrdo-1F-Manual-Automatic-Inflator-V80040-Bobbin-Instructions-For-Use.pdf","2026-08-23T20:42:05Z"
"DF8-R2-WATER-INLET-001","RADIAL FLOOD INLET, GLAND AND ANTI-DEBRIS SCREEN","MAKE","STINGRAY custom","316 stainless steel","CUSTOM_REMAINDER","","","MAKE","","","","NO_REPLACEMENT_SELECTED","Must remain custom pending architecture-safe catalog replacement evidence.","NO","NO","","2026-08-23T20:42:05Z"
"DF8-R2-FULLFLOW-VALVE-001","DIRECT FULL-FLOW VALVE WITH BORED AXIAL AND RADIAL PORTS","MAKE","STINGRAY custom","17-4PH stainless steel","CUSTOM_REMAINDER","","","MAKE","","","","NO_REPLACEMENT_SELECTED","Must remain custom pending architecture-safe catalog replacement evidence.","NO","NO","","2026-08-23T20:42:05Z"
"DF8-FINAL-MANIFOLD-FULLFLOW-FEED-001","TERMINATED COLLECTION-MANIFOLD TO FULL-FLOW VALVE FEED","MAKE","STINGRAY controlled pressure-route drawing","ASTM A269 TP316L seamless capillary tube","CUSTOM_REMAINDER","","","MAKE","","","","NO_REPLACEMENT_SELECTED","Must remain custom pending architecture-safe catalog replacement evidence.","NO","NO","","2026-08-23T20:42:05Z"
"DF8-FINAL-MANIFOLD-FEED-SPRING-CLIP-001","LASER-WELDED TITANIUM SPRING CLIP FOR MANIFOLD FEED","MAKE","STINGRAY controlled route-support drawing","Ti-6Al-4V spring temper","CUSTOM_REMAINDER","","","MAKE","","","","NO_REPLACEMENT_SELECTED","Must remain custom pending architecture-safe catalog replacement evidence.","NO","NO","","2026-08-23T20:42:05Z"
"DF8-R2-FIXED-SECTOR-001","ANALYTIC CYLINDRICAL FIXED BODY SECTOR","MAKE","STINGRAY custom","Ti-6Al-4V","CUSTOM_REMAINDER","","","MAKE","","","","NO_REPLACEMENT_SELECTED","Must remain custom pending architecture-safe catalog replacement evidence.","NO","NO","","2026-08-23T20:42:05Z"
"DF8-R2-BACKUP-ACCESS-FIXED-SECTOR-003","FIXED SECTOR 3 WITH TWO RADIAL M3 BACKUP-GUIDE HEAD POCKETS","MAKE","STINGRAY custom","Ti-6Al-4V","CUSTOM_REMAINDER","","","MAKE","","","","NO_REPLACEMENT_SELECTED","Must remain custom pending architecture-safe catalog replacement evidence.","NO","NO","","2026-08-23T20:42:05Z"
"DF8-R2-ROUTED-LONGERON-001","PRIMARY LONGERON WITH TWO JIG-BORED ROUTE CHANNELS","MAKE","STINGRAY custom","Ti-6Al-4V","CUSTOM_REMAINDER","","","MAKE","","","","NO_REPLACEMENT_SELECTED","Must remain custom pending architecture-safe catalog replacement evidence.","NO","NO","","2026-08-23T20:42:05Z"
"DF8-R2-BACKUP-GUIDE-LONGERON-003","PRIMARY LONGERON 3 WITH TWO RADIAL BACKUP-GUIDE M3 CLEARANCE BORES","MAKE","STINGRAY custom","Ti-6Al-4V","CUSTOM_REMAINDER","","","MAKE","","","","NO_REPLACEMENT_SELECTED","Must remain custom pending architecture-safe catalog replacement evidence.","NO","NO","","2026-08-23T20:42:05Z"
"DF8-R2-ARM-BLADE-001","733.806 MM SMOOTH ANALYTIC HOLLOW OML ARM WITH SWEPT STOP-HARDWARE RELIEFS","MAKE","STINGRAY custom","Ti-6Al-4V","CUSTOM_REMAINDER","","","MAKE","","","","NO_REPLACEMENT_SELECTED","Must remain custom pending architecture-safe catalog replacement evidence.","NO","NO","","2026-08-23T20:42:05Z"
"DF8-R2-PIVOT-CARRIER-001","MATCHED DOUBLE-SHEAR PIVOT LUG SET WITH SWEPT BELL-CLEVIS ACCESS AND OBLIQUE STOP-LAND BORES","MAKE","STINGRAY custom","Ti-6Al-4V","CUSTOM_REMAINDER","","","MAKE","","","","NO_REPLACEMENT_SELECTED","Must remain custom pending architecture-safe catalog replacement evidence.","NO","NO","","2026-08-23T20:42:05Z"
"DF8-R2-PIVOT-PIN-008","8 MM CAPTIVE SHOULDER PIVOT PIN WITH EXTERNAL GROOVE","MAKE","STINGRAY custom","17-4PH stainless steel","CUSTOM_REMAINDER","","","MAKE","","","","NO_REPLACEMENT_SELECTED","Must remain custom pending architecture-safe catalog replacement evidence.","NO","NO","","2026-08-23T20:42:05Z"
"DF8-R2-PIVOT-BUSH-008","8 MM PEEK-LINED PIVOT BUSHING","MAKE","STINGRAY custom","PEEK","CUSTOM_REMAINDER","","","MAKE","","GFM-081013-08","igus","REJECT_RETURN_TO_CUSTOM_BASELINE","C-013 envelope mismatch and official iglide G guidance says not for underwater applications.","NO - ENVIRONMENTAL AND DIMENSIONAL FAIL","NO","https://www.igus.com/ContentData/Products/Downloads/iglide_G300_FM_USen.pdf","2026-08-24T13:47:00Z"
"DF8-R2-PIVOT-WASHER-008","8 MM PEEK THRUST WASHER","MAKE","STINGRAY custom","PEEK","CUSTOM_REMAINDER","","","MAKE","","GTM-0815-005","igus","REJECT_RETURN_TO_CUSTOM_BASELINE","C-014 0.5 mm catalog thickness mismatches 0.18 mm authored stack and official iglide G guidance says not for underwater applications.","NO - ENVIRONMENTAL AND DIMENSIONAL FAIL","NO","https://www.igus.com/ContentData/Products/Downloads/iglide_G300_FM_USen.pdf","2026-08-24T13:47:00Z"
"DF8-R2-PIVOT-SPIRAL-RING-008","8 MM EXTERNAL SPIRAL PIVOT RETAINER","MAKE","STINGRAY custom","1.4310 stainless spring steel","IMPLEMENTED_COTS_CONVERSION","","","BUY","","VSM-8-S16","Smalley","ENGINEERING_ACCEPTED_IMPLEMENTED_PROCUREMENT_GATE_OPEN","VSM-8-S16 and revised 7.60 x 0.46 mm groove passed exact endpoint delta validation; procurement and received-item certification remain downstream.","YES - LOCAL GROOVE REVISION VALIDATED","PROCUREMENT / RECEIVING GATE OPEN","https://www.smalley.com/ring/vsm-8","2026-08-24T13:47:00Z"
"DF8-R2-SHORT-LINK-001","19.950 MM CENTER-DISTANCE REAMED SHORT LINK","MAKE","STINGRAY custom","17-4PH stainless steel","CUSTOM_REMAINDER","","","MAKE","","","","NO_REPLACEMENT_SELECTED","Must remain custom pending architecture-safe catalog replacement evidence.","NO","NO","","2026-08-23T20:42:05Z"
"DF8-R2-LINK-PIN-004","4 MM FULL-SPAN LINK PIN WITH DC-4SS RETAINER GROOVE","MAKE","STINGRAY custom","17-4PH stainless steel","CUSTOM_REMAINDER","","","MAKE","","","","NO_REPLACEMENT_SELECTED","Must remain custom pending architecture-safe catalog replacement evidence.","NO","NO","","2026-08-23T20:42:05Z"
"ROTOR-CLIP-DC-4SS","ROTOR CLIP DC-4SS CRESCENT RETAINING RING FOR 4 MM SHAFT","BUY","Rotor Clip","PH 15-7 Mo stainless spring steel","EXISTING_COTS","","","BUY","","","","NO_REPLACEMENT_SELECTED","Existing catalog/verified baseline source definition retained for this phase.","NO","NO","https://www.rotorclip.com/product/dc-4/","2026-08-23T20:42:05Z"
"DF8-R2-ARM-STOP-PAD-001","REPLACEABLE ARM STOP AND AUTOMATIC-LOCK STRIKE","MAKE","STINGRAY custom","17-4PH stainless steel","CUSTOM_REMAINDER","","","MAKE","","","","NO_REPLACEMENT_SELECTED","Must remain custom pending architecture-safe catalog replacement evidence.","NO","NO","","2026-08-23T20:42:05Z"
"DF8-R2-FIXED-STOP-001","80 DEGREE SWEPT-CLEARANCE FIXED STOP WITH CONTROLLED AUTOMATIC-LOCK BUSHING SEAT","MAKE","STINGRAY custom","17-4PH stainless steel","CUSTOM_REMAINDER","","","MAKE","","","","NO_REPLACEMENT_SELECTED","Must remain custom pending architecture-safe catalog replacement evidence.","NO","NO","","2026-08-23T20:42:05Z"
"DF8-R2-STOW-DOG-001","CAPTIVE RADIAL STOWED-RETENTION DOG WITH TRANSPORT-INHIBIT BORE","MAKE","STINGRAY custom","17-4PH stainless steel","CUSTOM_REMAINDER","","","MAKE","","","","NO_REPLACEMENT_SELECTED","Must remain custom pending architecture-safe catalog replacement evidence.","NO","NO","","2026-08-23T20:42:05Z"
"DF8-R2-STOW-DOG-GUIDE-001","FULL-STROKE AFT-RING-MOUNTED STOW-DOG U-GUIDE","MAKE","STINGRAY custom","17-4PH stainless steel","CUSTOM_REMAINDER","","","MAKE","","","","NO_REPLACEMENT_SELECTED","Must remain custom pending architecture-safe catalog replacement evidence.","NO","NO","","2026-08-23T20:42:05Z"
"DF8-R2-STOW-DOG-RETURN-SPRING-001","CAPTIVE STOW-DOG RADIAL RETURN SPRING","MAKE","STINGRAY custom","1.4310 stainless spring steel","CUSTOM_REMAINDER","","","MAKE","","","","NO_REPLACEMENT_SELECTED","Must remain custom pending architecture-safe catalog replacement evidence.","NO","NO","","2026-08-23T20:42:05Z"
"DF8-R2-STOW-DOG-INHIBIT-PIN-001","WITHDRAWABLE HEADED TRANSPORT-INHIBIT PIN","MAKE","STINGRAY custom","17-4PH stainless steel","CUSTOM_REMAINDER","","","MAKE","","","","NO_REPLACEMENT_SELECTED","Must remain custom pending architecture-safe catalog replacement evidence.","NO","NO","","2026-08-23T20:42:05Z"
"DF8-R2-STOW-DOG-INHIBIT-KEEPER-001","CAPTIVE CRESCENT RETAINER FOR TRANSPORT-INHIBIT PIN","MAKE","STINGRAY custom","1.4310 stainless spring steel","CUSTOM_REMAINDER","","","MAKE","","","","NO_REPLACEMENT_SELECTED","Must remain custom pending architecture-safe catalog replacement evidence.","NO","NO","","2026-08-23T20:42:05Z"
"DF8-R2-AUTO-LOCK-DOG-001","SPRING-DRIVEN POSITIVE DEPLOYED LOCK DOG","MAKE","STINGRAY custom","17-4PH stainless steel","CUSTOM_REMAINDER","","","MAKE","","","","NO_REPLACEMENT_SELECTED","Must remain custom pending architecture-safe catalog replacement evidence.","NO","NO","","2026-08-23T20:42:05Z"
"DF8-R2-AUTO-LOCK-SPRING-001","CAPTIVE LONG-STROKE AUTOMATIC-LOCK COMPRESSION SPRING","MAKE","STINGRAY custom","1.4310 stainless spring steel","CUSTOM_REMAINDER","","","MAKE","","","","NO_REPLACEMENT_SELECTED","Must remain custom pending architecture-safe catalog replacement evidence.","NO","NO","","2026-08-23T20:42:05Z"
"DF8-R2-AUTO-LOCK-BUSHING-001","PRESS-FIT LOCK GUIDE OUTER RETAINER BUSHING","MAKE","STINGRAY custom","PEEK","CUSTOM_REMAINDER","","","MAKE","","","","NO_REPLACEMENT_SELECTED","Must remain custom pending architecture-safe catalog replacement evidence.","NO","NO","","2026-08-23T20:42:05Z"
"DF8-R2-CROSSHEAD-001","ONE-PIECE SIX-CLEVIS GUIDED COMMON CROSSHEAD","MAKE","STINGRAY custom","17-4PH stainless steel","CUSTOM_REMAINDER","","","MAKE","","","","NO_REPLACEMENT_SELECTED","Must remain custom pending architecture-safe catalog replacement evidence.","NO","NO","","2026-08-23T20:42:05Z"
"DF8-R2-CROSSHEAD-GUIDE-001","CENTRAL DLC CROSSHEAD GUIDE SHAFT WITH SPIDER SHOULDER","MAKE","STINGRAY custom","17-4PH stainless steel","CUSTOM_REMAINDER","","","MAKE","","","","NO_REPLACEMENT_SELECTED","Must remain custom pending architecture-safe catalog replacement evidence.","NO","NO","","2026-08-23T20:42:05Z"
"DF8-R2-CROSSHEAD-GUIDE-SPIDER-001","THREE-SPOKE CROSSHEAD-GUIDE FORWARD MOUNT","MAKE","STINGRAY custom","Ti-6Al-4V","CUSTOM_REMAINDER","","","MAKE","","","","NO_REPLACEMENT_SELECTED","Must remain custom pending architecture-safe catalog replacement evidence.","NO","NO","","2026-08-23T20:42:05Z"
"DF8-R2-BACKUP-SPRING-16N-001","CONTROLLED 16 N/MM GUIDED BACKUP COMPRESSION SPRING","MAKE","STINGRAY controlled spring specification","1.4310 stainless spring steel","CUSTOM_REMAINDER","","","MAKE","","","","NO_REPLACEMENT_SELECTED","Must remain custom pending architecture-safe catalog replacement evidence.","NO","NO","","2026-08-23T20:42:05Z"
"DF8-R2-BACKUP-SPRING-FIXED-SEAT-001","BACKUP SPRING AFT FIXED SEAT WITH LONGERON MOUNTING TONGUE","MAKE","STINGRAY custom","Ti-6Al-4V","CUSTOM_REMAINDER","","","MAKE","","","","NO_REPLACEMENT_SELECTED","Must remain custom pending architecture-safe catalog replacement evidence.","NO","NO","","2026-08-23T20:42:05Z"
"DF8-R2-BACKUP-SPRING-MOVING-SEAT-001","BACKUP SPRING CROSSHEAD SEAT WITH PILOTED PERMANENT LAND","MAKE","STINGRAY custom","17-4PH stainless steel","CUSTOM_REMAINDER","","","MAKE","","","","NO_REPLACEMENT_SELECTED","Must remain custom pending architecture-safe catalog replacement evidence.","NO","NO","","2026-08-23T20:42:05Z"
"DF8-R2-BACKUP-SPRING-GUIDE-001","BACKUP SPRING DLC GUIDE SHAFT WITH TWO FIXED SUPPORT SHOULDERS","MAKE","STINGRAY custom","17-4PH stainless steel","CUSTOM_REMAINDER","","","MAKE","","","","NO_REPLACEMENT_SELECTED","Must remain custom pending architecture-safe catalog replacement evidence.","NO","NO","","2026-08-23T20:42:05Z"
"GS-19-50-V4A-B8-B8","ACE GS-19-50-V4A-B8-B8 PURCHASED ASSEMBLY — ARTICULATED INSTALLATION BODY","BUY","ACE Controls","AISI 316L / 316Ti stainless catalog assembly","EXISTING_COTS","WP02","WP02-016","derived deterministically from source classification","Primary arm drive","","","NO_REPLACEMENT_SELECTED","Existing catalog/verified baseline source definition retained for this phase.","NO","NO","https://www.acecontrols.com/us/products/motion-control/industrial-gas-springs-push-type/gs-8-v4a-to-gs-40-va/gs-19-v4a.html","2026-08-23T20:42:05Z"
"GS-19-50-V4A-B8-B8-ROD-CHILD","ACE GS-19 MOVING ROD ARTICULATION CHILD","BUY","ACE Controls","AISI 316L / 316Ti stainless catalog assembly","EXISTING_COTS","","","BUY","","","","NO_REPLACEMENT_SELECTED","Existing catalog/verified baseline source definition retained for this phase.","NO","NO","https://www.acecontrols.com/us/products/motion-control/industrial-gas-springs-push-type/gs-8-v4a-to-gs-40-va/gs-19-v4a.html","2026-08-23T20:42:05Z"
"HBD-15-25-AA-P","ACE HBD-15-25-AA-P PURCHASED ASSEMBLY — ARTICULATED INSTALLATION BODY","BUY","ACE Controls","Black-anodized aluminum body / hard-chrome steel rod / zinc-plated steel AA-P fittings","EXISTING_COTS","WP02","WP02-020","derived deterministically from source classification","Motion damping","","","NO_REPLACEMENT_SELECTED","Existing catalog/verified baseline source definition retained for this phase.","NO","NO","https://www.acecontrols.com/us/products/motion-control/hydraulic-dampers/hbd-15-to-hbd-40/hbd-15/hbd-15-25.html","2026-08-23T20:42:05Z"
"HBD-15-25-AA-P-ROD-CHILD","HBD MOVING ROD ARTICULATION CHILD","BUY","ACE Controls","Hard-chrome steel rod with zinc-plated steel AA-P fitting","EXISTING_COTS","","","BUY","","","","NO_REPLACEMENT_SELECTED","Existing catalog/verified baseline source definition retained for this phase.","NO","NO","https://www.acecontrols.com/us/products/motion-control/hydraulic-dampers/hbd-15-to-hbd-40/hbd-15/hbd-15-25.html","2026-08-23T20:42:05Z"
"DF8-R2-ACTUATOR-FIXED-YOKE-GS19-001","DOUBLE-SHEAR GS19 ANCHOR YOKE WITH CONFORMAL LONGERON TONGUE","MAKE","STINGRAY custom","Ti-6Al-4V","CUSTOM_REMAINDER","","","MAKE","","","","NO_REPLACEMENT_SELECTED","Must remain custom pending architecture-safe catalog replacement evidence.","NO","NO","","2026-08-23T20:42:05Z"
"DF8-R2-ACTUATOR-FIXED-YOKE-HBD-001","DOUBLE-SHEAR HBD ANCHOR YOKE WITH CONFORMAL LONGERON TONGUE","MAKE","STINGRAY custom","Ti-6Al-4V","CUSTOM_REMAINDER","","","MAKE","","","","NO_REPLACEMENT_SELECTED","Must remain custom pending architecture-safe catalog replacement evidence.","NO","NO","","2026-08-23T20:42:05Z"
"DF8-R2-ACTUATOR-PIN-004","4 MM CAPTIVE ACTUATOR CLEVIS PIN","MAKE","STINGRAY custom","17-4PH stainless steel","CUSTOM_REMAINDER","","","MAKE","","","","NO_REPLACEMENT_SELECTED","Must remain custom pending architecture-safe catalog replacement evidence.","NO","NO","","2026-08-23T20:42:05Z"
"DF8-R2-ACTUATOR-E-RING-004","4 MM ACTUATOR PIN RETAINER","MAKE","STINGRAY custom","1.4310 stainless spring steel","IMPLEMENTED_COTS_CONVERSION","","","BUY","","DC-4SS","Rotor Clip","ENGINEERING_ACCEPTED_IMPLEMENTED_PROCUREMENT_GATE_OPEN","DC-4SS and revised actuator-pin grooves passed exact endpoint delta validation for GS-19/HBD-15 retainers.","YES - LOCAL GROOVE REVISION VALIDATED","PROCUREMENT / RECEIVING GATE OPEN","https://www.rotorclip.com/product/dc-4/","2026-08-24T13:47:00Z"
"DF8-FINAL-GAS-MAIN-001","COMPLETE TERMINATED GAS MAIN ASSEMBLY","MAKE","STINGRAY controlled route assembly","ASTM A269 TP316L seamless capillary tube; controlled silver-braze termination alloy","CUSTOM_REMAINDER","","","MAKE","","","","NO_REPLACEMENT_SELECTED","Must remain custom pending architecture-safe catalog replacement evidence.","NO","NO","","2026-08-23T20:42:05Z"
"DF8-FINAL-PILOT-LINE-001","COMPLETE TERMINATED PILOT LINE ASSEMBLY","MAKE","STINGRAY controlled route assembly","ASTM A269 TP316L seamless capillary tube; controlled silver-braze termination alloy","CUSTOM_REMAINDER","","","MAKE","","","","NO_REPLACEMENT_SELECTED","Must remain custom pending architecture-safe catalog replacement evidence.","NO","NO","","2026-08-23T20:42:05Z"
"DF8-FINAL-BOWDEN-SHEATH-001","COMPLETE TERMINATED BOWDEN SHEATH ASSEMBLY","MAKE","STINGRAY controlled route assembly","PTFE liner / 316 stainless spiral-and-overbraid composite / 316 swaged terminal sleeves","CUSTOM_REMAINDER","","","MAKE","","","","NO_REPLACEMENT_SELECTED","Must remain custom pending architecture-safe catalog replacement evidence.","NO","NO","","2026-08-23T20:42:05Z"
"DF8-FINAL-BOWDEN-WIRE-001","COMPLETE TERMINATED BOWDEN WIRE ASSEMBLY","MAKE","STINGRAY controlled route assembly","0.60 mm 1x19 cold-worked 316 stainless wire with 316 swaged terminal barrels","CUSTOM_REMAINDER","","","MAKE","","","","NO_REPLACEMENT_SELECTED","Must remain custom pending architecture-safe catalog replacement evidence.","NO","NO","","2026-08-23T20:42:05Z"
"DF8-FINAL-GAS-MAIN-RING-GLAND","GAS MAIN TWO-COLLAR BULKHEAD GLAND","MAKE","STINGRAY controlled micro-fitting drawing","316 stainless steel","CUSTOM_REMAINDER","","","MAKE","","","","NO_REPLACEMENT_SELECTED","Must remain custom pending architecture-safe catalog replacement evidence.","NO","NO","","2026-08-23T20:42:05Z"
"DF8-FINAL-PILOT-LINE-RING-GLAND","PILOT LINE TWO-COLLAR BULKHEAD GLAND","MAKE","STINGRAY controlled micro-fitting drawing","316 stainless steel","CUSTOM_REMAINDER","","","MAKE","","","","NO_REPLACEMENT_SELECTED","Must remain custom pending architecture-safe catalog replacement evidence.","NO","NO","","2026-08-23T20:42:05Z"
"DF8-FINAL-BOWDEN-SHEATH-RING-GLAND","BOWDEN SHEATH TWO-COLLAR BULKHEAD GLAND","MAKE","STINGRAY controlled micro-fitting drawing","316 stainless steel","CUSTOM_REMAINDER","","","MAKE","","","","NO_REPLACEMENT_SELECTED","Must remain custom pending architecture-safe catalog replacement evidence.","NO","NO","","2026-08-23T20:42:05Z"
"DF8-FINAL-GAS-MAIN-FIXED-SECTOR-GUIDE-LINER","SPLIT PEEK GUIDE LINER FOR GAS MAIN LONG SPAN","MAKE","STINGRAY controlled guide-liner drawing","PEEK","CUSTOM_REMAINDER","","","MAKE","","","","NO_REPLACEMENT_SELECTED","Must remain custom pending architecture-safe catalog replacement evidence.","NO","NO","","2026-08-23T20:42:05Z"
"DF8-FINAL-PILOT-LINE-FIXED-SECTOR-GUIDE-LINER","SPLIT PEEK GUIDE LINER FOR PILOT LINE LONG SPAN","MAKE","STINGRAY controlled guide-liner drawing","PEEK","CUSTOM_REMAINDER","","","MAKE","","","","NO_REPLACEMENT_SELECTED","Must remain custom pending architecture-safe catalog replacement evidence.","NO","NO","","2026-08-23T20:42:05Z"
"DF8-FINAL-BOWDEN-SHEATH-FIXED-SECTOR-GUIDE-LINER","SPLIT PEEK GUIDE LINER FOR BOWDEN SHEATH LONG SPAN","MAKE","STINGRAY controlled guide-liner drawing","PEEK","CUSTOM_REMAINDER","","","MAKE","","","","NO_REPLACEMENT_SELECTED","Must remain custom pending architecture-safe catalog replacement evidence.","NO","NO","","2026-08-23T20:42:05Z"
"DF8-FINAL-WP04-FULLFLOW-MANIFOLD","WP04 FULL-FLOW TERMINAL MANIFOLD WITH BRAZED GAS PORT","MAKE","STINGRAY controlled manifold drawing","316 stainless steel","CUSTOM_REMAINDER","","","MAKE","","","","NO_REPLACEMENT_SELECTED","Must remain custom pending architecture-safe catalog replacement evidence.","NO","NO","","2026-08-23T20:42:05Z"
"DF8-FINAL-WP04-MANIFOLD-BRACKET","WP04 FULL-FLOW MANIFOLD RADIAL SUPPORT BRACKET","MAKE","STINGRAY custom","Ti-6Al-4V","CUSTOM_REMAINDER","","","MAKE","","","","NO_REPLACEMENT_SELECTED","Must remain custom pending architecture-safe catalog replacement evidence.","NO","NO","","2026-08-23T20:42:05Z"
"DF8-R2-AFT-SHELL-001","AFT GRADE-9 SHELL WITH HARDPOINT AND HINGE APERTURES","MAKE","STINGRAY custom","Ti-3Al-2.5V Grade 9","CUSTOM_REMAINDER","","","MAKE","","","","NO_REPLACEMENT_SELECTED","Must remain custom pending architecture-safe catalog replacement evidence.","NO","NO","","2026-08-23T20:42:05Z"
"DF8-R2-AFT-ROUTE-RING-001","AFT STRUCTURAL RING WITH CONTROLLED ROUTE PASSAGES","MAKE","STINGRAY custom","Ti-6Al-4V","CUSTOM_REMAINDER","","","MAKE","","","","NO_REPLACEMENT_SELECTED","Must remain custom pending architecture-safe catalog replacement evidence.","NO","NO","","2026-08-23T20:42:05Z"
"DF8-R2-AFT-LONGERON-001","AFT PRIMARY LOAD-PATH LONGERON","MAKE","STINGRAY custom","Ti-6Al-4V","CUSTOM_REMAINDER","","","MAKE","","","","NO_REPLACEMENT_SELECTED","Must remain custom pending architecture-safe catalog replacement evidence.","NO","NO","","2026-08-23T20:42:05Z"
"WP04-RB-001-R2","SPRING REACTION BULKHEAD WITH GUIDE-RAIL BORES AND PERMANENT SHELL LAND","MAKE","STINGRAY custom","Ti-6Al-4V","CUSTOM_REMAINDER","","","MAKE","","","","NO_REPLACEMENT_SELECTED","Must remain custom pending architecture-safe catalog replacement evidence.","NO","NO","","2026-08-23T20:42:05Z"
"WP04-GUIDE-RAIL-001-R2","FOLLOWER ANTI-ROTATION GUIDE RAIL WITH TWO M3 CAPTIVE-SCREW END LANDS","MAKE","STINGRAY custom","PEEK","CUSTOM_REMAINDER","","","MAKE","","","","NO_REPLACEMENT_SELECTED","Must remain custom pending architecture-safe catalog replacement evidence.","NO","NO","","2026-08-23T20:42:05Z"
"WP04-FOL-001-R2","CAPTIVE PEEK FOLLOWER WITH THREE GUIDE SLOTS","MAKE","STINGRAY custom","PEEK","CUSTOM_REMAINDER","","","MAKE","","","","NO_REPLACEMENT_SELECTED","Must remain custom pending architecture-safe catalog replacement evidence.","NO","NO","","2026-08-23T20:42:05Z"
"DF8-FINAL-WP04-EJECTOR-SPRING-001","CONTROLLED LONG-STROKE GUIDED EJECTOR SPRING","MAKE","STINGRAY controlled spring drawing","EN 10270-3 1.4310 stainless spring wire, 2.00 mm","CUSTOM_REMAINDER","","","MAKE","","VD-244","Gutekunst Federn","REJECT_RETURN_TO_CUSTOM_BASELINE","C-012 manufacturer dynamic stroke is 31.82 mm versus 85 mm required; clean baseline explicitly records VD-244 as unsuitable.","NO - FUNCTIONAL DUTY FAIL","NO","https://www.federnshop.com/en/products/compression_springs/vd-244.html","2026-08-24T13:47:00Z"
"WP04-FIXED-GUIDE-SLEEVE-R2","BULKHEAD-MOUNTED FIXED TELESCOPING SPRING GUIDE AND SEAT","MAKE","STINGRAY custom","PEEK","CUSTOM_REMAINDER","","","MAKE","","","","NO_REPLACEMENT_SELECTED","Must remain custom pending architecture-safe catalog replacement evidence.","NO","NO","","2026-08-23T20:42:05Z"
"WP04-MOVING-GUIDE-SLEEVE-R2","FOLLOWER-MOUNTED INNER TELESCOPING SPRING GUIDE SLEEVE","MAKE","STINGRAY custom","PEEK","CUSTOM_REMAINDER","","","MAKE","","","","NO_REPLACEMENT_SELECTED","Must remain custom pending architecture-safe catalog replacement evidence.","NO","NO","","2026-08-23T20:42:05Z"
"WP04-LATCH-HOUSING-R2","RADIAL FOLLOWER LATCH HOUSING WITH REAMED SEAR GUIDE","MAKE","STINGRAY custom","17-4PH stainless steel","CUSTOM_REMAINDER","","","MAKE","","","","NO_REPLACEMENT_SELECTED","Must remain custom pending architecture-safe catalog replacement evidence.","NO","NO","","2026-08-23T20:42:05Z"
"WP04-LATCH-SEAR-R2","CAPTIVE RADIAL FOLLOWER SEAR PLUNGER WITH RETAINING RING","MAKE","STINGRAY custom","17-4PH stainless steel","CUSTOM_REMAINDER","","","MAKE","","","","NO_REPLACEMENT_SELECTED","Must remain custom pending architecture-safe catalog replacement evidence.","NO","NO","","2026-08-23T20:42:05Z"
"WP04-LATCH-SEAR-E-RING-R2","4 MM SEAR PIN EXTERNAL RETAINING RING","MAKE","STINGRAY custom","1.4310 stainless spring steel","CUSTOM_REMAINDER","","","MAKE","","DC-4SS","Rotor Clip","REJECT_RETURN_TO_CUSTOM_BASELINE","DC-4SS sear reuse required a groove change that interfered with the Bowden path; custom sear ring and baseline groove retained.","NO - BOWDEN INTERFERENCE","NO","https://www.rotorclip.com/product/dc-4/","2026-08-24T13:47:00Z"
"WP04-RHP-001-R2","INTEGRAL STRUCTURAL RING AND RECOVERY HARDPOINT LUG","MAKE","STINGRAY custom","Ti-6Al-4V","CUSTOM_REMAINDER","","","MAKE","","","","NO_REPLACEMENT_SELECTED","Must remain custom pending architecture-safe catalog replacement evidence.","NO","NO","","2026-08-23T20:42:05Z"
"WP05-SERVICE-THROAT-R2","AFT SERVICE THROAT WITH CONTROLLED DETENT BORES","MAKE","STINGRAY custom","Ti-6Al-4V","CUSTOM_REMAINDER","","","MAKE","","","","NO_REPLACEMENT_SELECTED","Must remain custom pending architecture-safe catalog replacement evidence.","NO","NO","","2026-08-23T20:42:05Z"
"WP05-DOOR-R2","CAPTIVE LOW-FORCE AFT DOOR WITH HINGE AND LANYARD EYE","MAKE","STINGRAY custom","Ti-6Al-4V","CUSTOM_REMAINDER","","","MAKE","","","","NO_REPLACEMENT_SELECTED","Must remain custom pending architecture-safe catalog replacement evidence.","NO","NO","","2026-08-23T20:42:05Z"
"WP05-HINGE-PIN-R2","DOOR HINGE PIN WITH EXTERNAL RETAINER","MAKE","STINGRAY custom","17-4PH stainless steel","CUSTOM_REMAINDER","","","MAKE","","","","NO_REPLACEMENT_SELECTED","Must remain custom pending architecture-safe catalog replacement evidence.","NO","NO","","2026-08-23T20:42:05Z"
"WP05-HINGE-CRESCENT-RING-R2","3 MM HINGE-PIN EXTERNAL CRESCENT RETAINER","MAKE","STINGRAY custom","1.4310 stainless spring steel","CUSTOM_REMAINDER","","","MAKE","","","","NO_REPLACEMENT_SELECTED","Must remain custom pending architecture-safe catalog replacement evidence.","NO","NO","","2026-08-23T20:42:05Z"
"GN-615.3-M3-KN-PFB","JW WINCO M3 STAINLESS BALL PLUNGER","BUY","JW Winco / Ganter","AISI 303 housing / hardened AISI 420C ball / AISI 631 spring / PFB polyamide patch","EXISTING_COTS","","","BUY","","","","NO_REPLACEMENT_SELECTED","Existing catalog/verified baseline source definition retained for this phase.","NO","NO","https://www.jwwinco.com/en-us/products/3.1-Indexing-locking-blocking-with-pins-and-ball-shaped-elements/Spring-plungers/GN-615.3-Steel-Stainless-Steel-Ball-Plungers-with-thread-locking-with-ball-with-internal-hexagon","2026-08-23T20:42:05Z"
"DF8-R2-BUOY-GORE-01","60 L BUOY GORE 1 OF 8","MAKE","STINGRAY custom","TPU-coated nylon","CUSTOM_REMAINDER","","","MAKE","","87640_OLV_ONE","HIKO Sport","REJECT_RETURN_TO_CUSTOM_BASELINE","Published HIKO data do not define the required geometry and the dimensional proxy/interface route interfered with preserved DF8 geometry; custom buoy retained.","NO - INSUFFICIENT CAD EVIDENCE / PROXY INTERFERENCE","NO - NON-INSTALLED DEVELOPMENT ARTICLE","https://hikosport.com/en-eu/products/floatek-full-tail","2026-08-24T13:47:00Z"
"DF8-R2-BUOY-GORE-02","60 L BUOY GORE 2 OF 8","MAKE","STINGRAY custom","TPU-coated nylon","CUSTOM_REMAINDER","","","MAKE","","87640_OLV_ONE","HIKO Sport","REJECT_RETURN_TO_CUSTOM_BASELINE","Published HIKO data do not define the required geometry and the dimensional proxy/interface route interfered with preserved DF8 geometry; custom buoy retained.","NO - INSUFFICIENT CAD EVIDENCE / PROXY INTERFERENCE","NO - NON-INSTALLED DEVELOPMENT ARTICLE","https://hikosport.com/en-eu/products/floatek-full-tail","2026-08-24T13:47:00Z"
"DF8-R2-BUOY-GORE-03","60 L BUOY GORE 3 OF 8","MAKE","STINGRAY custom","TPU-coated nylon","CUSTOM_REMAINDER","","","MAKE","","87640_OLV_ONE","HIKO Sport","REJECT_RETURN_TO_CUSTOM_BASELINE","Published HIKO data do not define the required geometry and the dimensional proxy/interface route interfered with preserved DF8 geometry; custom buoy retained.","NO - INSUFFICIENT CAD EVIDENCE / PROXY INTERFERENCE","NO - NON-INSTALLED DEVELOPMENT ARTICLE","https://hikosport.com/en-eu/products/floatek-full-tail","2026-08-24T13:47:00Z"
"DF8-R2-BUOY-GORE-04","60 L BUOY GORE 4 OF 8","MAKE","STINGRAY custom","TPU-coated nylon","CUSTOM_REMAINDER","","","MAKE","","87640_OLV_ONE","HIKO Sport","REJECT_RETURN_TO_CUSTOM_BASELINE","Published HIKO data do not define the required geometry and the dimensional proxy/interface route interfered with preserved DF8 geometry; custom buoy retained.","NO - INSUFFICIENT CAD EVIDENCE / PROXY INTERFERENCE","NO - NON-INSTALLED DEVELOPMENT ARTICLE","https://hikosport.com/en-eu/products/floatek-full-tail","2026-08-24T13:47:00Z"
"DF8-R2-BUOY-GORE-05","60 L BUOY GORE 5 OF 8","MAKE","STINGRAY custom","TPU-coated nylon","CUSTOM_REMAINDER","","","MAKE","","87640_OLV_ONE","HIKO Sport","REJECT_RETURN_TO_CUSTOM_BASELINE","Published HIKO data do not define the required geometry and the dimensional proxy/interface route interfered with preserved DF8 geometry; custom buoy retained.","NO - INSUFFICIENT CAD EVIDENCE / PROXY INTERFERENCE","NO - NON-INSTALLED DEVELOPMENT ARTICLE","https://hikosport.com/en-eu/products/floatek-full-tail","2026-08-24T13:47:00Z"
"DF8-R2-BUOY-GORE-06","60 L BUOY GORE 6 OF 8","MAKE","STINGRAY custom","TPU-coated nylon","CUSTOM_REMAINDER","","","MAKE","","87640_OLV_ONE","HIKO Sport","REJECT_RETURN_TO_CUSTOM_BASELINE","Published HIKO data do not define the required geometry and the dimensional proxy/interface route interfered with preserved DF8 geometry; custom buoy retained.","NO - INSUFFICIENT CAD EVIDENCE / PROXY INTERFERENCE","NO - NON-INSTALLED DEVELOPMENT ARTICLE","https://hikosport.com/en-eu/products/floatek-full-tail","2026-08-24T13:47:00Z"
"DF8-R2-BUOY-GORE-07","60 L BUOY GORE 7 OF 8","MAKE","STINGRAY custom","TPU-coated nylon","CUSTOM_REMAINDER","","","MAKE","","87640_OLV_ONE","HIKO Sport","REJECT_RETURN_TO_CUSTOM_BASELINE","Published HIKO data do not define the required geometry and the dimensional proxy/interface route interfered with preserved DF8 geometry; custom buoy retained.","NO - INSUFFICIENT CAD EVIDENCE / PROXY INTERFERENCE","NO - NON-INSTALLED DEVELOPMENT ARTICLE","https://hikosport.com/en-eu/products/floatek-full-tail","2026-08-24T13:47:00Z"
"DF8-R2-BUOY-GORE-08","60 L BUOY GORE 8 OF 8","MAKE","STINGRAY custom","TPU-coated nylon","CUSTOM_REMAINDER","","","MAKE","","87640_OLV_ONE","HIKO Sport","REJECT_RETURN_TO_CUSTOM_BASELINE","Published HIKO data do not define the required geometry and the dimensional proxy/interface route interfered with preserved DF8 geometry; custom buoy retained.","NO - INSUFFICIENT CAD EVIDENCE / PROXY INTERFERENCE","NO - NON-INSTALLED DEVELOPMENT ARTICLE","https://hikosport.com/en-eu/products/floatek-full-tail","2026-08-24T13:47:00Z"
"DF8-R2-HARNESS-BAND-1","X-6292 STRUCTURAL HARNESS CLOSED BAND 1","MAKE","Sturges X-6292 raw webbing / STINGRAY finished assembly","UHMWPE webbing","CUSTOM_REMAINDER","","","MAKE","","","","NO_REPLACEMENT_SELECTED","Must remain custom pending architecture-safe catalog replacement evidence.","NO","NO","https://www.sturgesmfgco.com/webbing/engineered-webbing/uhmwpe/","2026-08-23T20:42:05Z"
"DF8-R2-HARNESS-BAND-2","X-6292 STRUCTURAL HARNESS CLOSED BAND 2","MAKE","Sturges X-6292 raw webbing / STINGRAY finished assembly","UHMWPE webbing","CUSTOM_REMAINDER","","","MAKE","","","","NO_REPLACEMENT_SELECTED","Must remain custom pending architecture-safe catalog replacement evidence.","NO","NO","https://www.sturgesmfgco.com/webbing/engineered-webbing/uhmwpe/","2026-08-23T20:42:05Z"
"WP04-HST-001-R2","HARNESS STRUCTURAL TERMINAL WITH FOUR WEB SLOTS AND DOUBLE-SHEAR CLEVIS","MAKE","STINGRAY custom","17-4PH stainless steel","CUSTOM_REMAINDER","","","MAKE","","","","NO_REPLACEMENT_SELECTED","Must remain custom pending architecture-safe catalog replacement evidence.","NO","NO","","2026-08-23T20:42:05Z"
"DF8-R2-HARNESS-LEG-XP","X-6292 TERMINAL HARNESS LEG XP","MAKE","Sturges X-6292 raw webbing / STINGRAY finished assembly","UHMWPE webbing","CUSTOM_REMAINDER","","","MAKE","","","","NO_REPLACEMENT_SELECTED","Must remain custom pending architecture-safe catalog replacement evidence.","NO","NO","https://www.sturgesmfgco.com/webbing/engineered-webbing/uhmwpe/","2026-08-23T20:42:05Z"
"DF8-R2-HARNESS-LEG-XN","X-6292 TERMINAL HARNESS LEG XN","MAKE","Sturges X-6292 raw webbing / STINGRAY finished assembly","UHMWPE webbing","CUSTOM_REMAINDER","","","MAKE","","","","NO_REPLACEMENT_SELECTED","Must remain custom pending architecture-safe catalog replacement evidence.","NO","NO","https://www.sturgesmfgco.com/webbing/engineered-webbing/uhmwpe/","2026-08-23T20:42:05Z"
"DF8-R2-HARNESS-LEG-YP","X-6292 TERMINAL HARNESS LEG YP","MAKE","Sturges X-6292 raw webbing / STINGRAY finished assembly","UHMWPE webbing","CUSTOM_REMAINDER","","","MAKE","","","","NO_REPLACEMENT_SELECTED","Must remain custom pending architecture-safe catalog replacement evidence.","NO","NO","https://www.sturgesmfgco.com/webbing/engineered-webbing/uhmwpe/","2026-08-23T20:42:05Z"
"DF8-R2-HARNESS-LEG-YN","X-6292 TERMINAL HARNESS LEG YN","MAKE","Sturges X-6292 raw webbing / STINGRAY finished assembly","UHMWPE webbing","CUSTOM_REMAINDER","","","MAKE","","","","NO_REPLACEMENT_SELECTED","Must remain custom pending architecture-safe catalog replacement evidence.","NO","NO","https://www.sturgesmfgco.com/webbing/engineered-webbing/uhmwpe/","2026-08-23T20:42:05Z"
"DF8-R2-TETHER-THIMBLE-001","AMSTEEL EYE-SPLICE THIMBLE","MAKE","STINGRAY custom","316 stainless steel","CUSTOM_REMAINDER","","","MAKE","","","","NO_REPLACEMENT_SELECTED","Must remain custom pending architecture-safe catalog replacement evidence.","NO","NO","","2026-08-23T20:42:05Z"
"AMSTEEL-BLUE-872-7-64-R2","STRUCTURAL RECOVERY TETHER WITH TWO BURIED EYE SPLICES","MAKE","Samson Rope Technologies raw line / STINGRAY finished splices","HMPE rope","CUSTOM_REMAINDER","","","MAKE","","","","NO_REPLACEMENT_SELECTED","Must remain custom pending architecture-safe catalog replacement evidence.","NO","NO","https://www.samsonrope.com/mooring/amsteel--blue","2026-08-23T20:42:05Z"
"DF8-R2-RECOVERY-PIN-006","6 MM CAPTIVE RECOVERY TERMINAL PIN WITH RETAINER GROOVE","MAKE","STINGRAY custom","17-4PH stainless steel","CUSTOM_REMAINDER","","","MAKE","","","","NO_REPLACEMENT_SELECTED","Must remain custom pending architecture-safe catalog replacement evidence.","NO","NO","","2026-08-23T20:42:05Z"
"DF8-R2-RECOVERY-E-RING-006","6 MM RECOVERY PIN EXTERNAL RETAINER","MAKE","STINGRAY custom","1.4310 stainless spring steel","CUSTOM_REMAINDER","","","MAKE","","","","NO_REPLACEMENT_SELECTED","Must remain custom pending architecture-safe catalog replacement evidence.","NO","NO","","2026-08-23T20:42:05Z"
"WP05-DOOR-LANYARD-R2","CAPTIVE DOOR LANYARD WITH SWAGED EYES","MAKE","STINGRAY custom","HMPE rope","CUSTOM_REMAINDER","","","MAKE","","","","NO_REPLACEMENT_SELECTED","Must remain custom pending architecture-safe catalog replacement evidence.","NO","NO","","2026-08-23T20:42:05Z"
"WP04-AFT-RAIL-SUPPORT-R2","ONE-PIECE AFT GUIDE-RAIL SUPPORT RING WITH THREE M3 THREADS","MAKE","STINGRAY custom","Ti-6Al-4V","CUSTOM_REMAINDER","","","MAKE","","","","NO_REPLACEMENT_SELECTED","Must remain custom pending architecture-safe catalog replacement evidence.","NO","NO","","2026-08-23T20:42:05Z"
"WP04-LATCH-SUPPORT-R2","GUIDE-RAIL-3 TO LATCH TWO-SCREW SUPPORT BLADE","MAKE","STINGRAY custom","17-4PH stainless steel","CUSTOM_REMAINDER","","","MAKE","","","","NO_REPLACEMENT_SELECTED","Must remain custom pending architecture-safe catalog replacement evidence.","NO","NO","","2026-08-23T20:42:05Z"
